SeqIndex,HMDB_Number,Compound,Cn,RT,RI,MW,MZ,Intensity
1,NA,C8,8,NA,NA,114,40 41 42 43 44 45 46 50 51 52 53 54 55 56 57 58 59 62 63 64 65 66 67 68 69 70 71 72 73 75 77 78 79 80 81 82 83 84 85 86 87 91 93 95 96 97 98 99 100 101 105 111 112 113 114,18920 497728 174656 1336832 44952 727 151 1477 4731 2806 27440 19464 237184 355840 1967616 87352 1456 178 734 175 4882 1413 12471 10732 114008 330112 941824 50216 1228 227 2992 803 2868 386 1394 8779 34368 269120 736128 48056 1245 626 187 158 428 5688 188416 242112 19056 629 318 1484 79056 152832 12994
2,NA,C9,9,NA,NA,128,40 41 42 43 44 45 50 51 52 53 54 55 56 57 58 59 63 64 65 66 67 68 69 70 71 72 73 75 77 78 79 80 81 82 83 84 85 86 87 91 95 96 97 98 99 100 101 111 112 113 114 115 125 126 127 128,8625 251904 84800 681920 23424 300 630 1913 1127 13061 11153 126224 176576 1074176 47176 835 275 172 2508 822 7577 7732 67568 159360 622720 33376 819 195 1501 494 1468 230 1032 7845 28520 117360 387712 25176 676 450 258 1876 11336 107816 102696 8239 309 1355 53640 77040 6674 351 265 23616 48408 4460
3,NA,C10,10,6.933,1000,142,40 41 42 43 44 45 46 47 48 49 50 51 52 53 54 55 56 57 58 59 62 63 64 65 66 67 68 69 70 71 72 73 74 75 77 78 79 80 81 82 83 84 85 86 87 89 91 92 93 95 96 97 98 99 100 101 104 105 110 112 113 114 115 118 119 126 127 128 133 140 142 143 144 154 207 208 209 281,62160 1512448 509952 3535872 121864 1687 353 223 166 260 4343 13707 8337 76272 54808 600448 818304 4169728 184512 3308 561 1846 694 11786 4369 32952 22848 235648 659072 1774080 95496 2524 279 264 7334 4424 6451 782 3245 14998 62904 479104 1278464 83504 2236 206 1899 400 304 509 994 11099 315136 391232 31608 907 150 275 230 125728 245568 20168 1091 161 244 1570 2173 291 185 1953 435584 46488 2151 243 1273 263 229 562 
4,NA,C11,11,10.413,1123.1,156,40 41 42 43 44 45 46 49 50 51 52 53 54 55 56 57 58 59 63 64 65 66 67 68 69 70 71 72 73 75 77 78 79 80 81 82 83 84 85 86 87 91 93 95 96 97 98 99 100 101 112 113 114 115 126 127 128 129 140 141 154 156 157 158 207 281,29920 760896 249472 1760768 67352 916 182 228 1702 5927 3791 40160 32064 327104 406656 2310656 102880 1724 992 441 6124 2514 21520 17064 143616 322880 1200128 64952 1455 166 3767 2093 4498 443 2859 15689 54584 211200 687360 46904 1170 1290 282 639 3208 19808 179008 161216 13245 301 88328 126408 11426 450 36208 76928 7947 435 466 948 1690 196224 24008 1215 750 180 
5,NA,C12,12,13.422,1217.6,170,40 41 42 43 44 45 46 49 50 51 52 53 54 55 56 57 58 59 63 64 65 66 67 68 69 70 71 72 73 77 78 79 80 81 82 83 84 85 86 87 91 93 95 96 97 98 99 100 101 105 109 110 111 112 113 114 115 124 126 127 128 129 133 140 141 142 143 154 155 166 168 170 171 172 207,31176 882432 278016 2018816 73696 771 195 197 1901 5878 3666 45184 41040 410944 464960 2777088 124528 1908 849 243 7666 2950 30120 26008 191168 368512 1657344 91888 2157 4213 2056 5576 1012 4431 28488 93520 236736 967232 65176 1851 1469 320 962 8476 44592 207488 209344 17208 496 239 277 1622 12587 142144 152000 12047 779 207 71648 122320 11792 529 180 31336 65080 7045 305 554 875 436 1909 241856 31568 1973 613 
6,NA,C13,13,16.037,1313.4,184,40 41 42 43 44 45 49 50 51 52 53 54 55 56 57 58 59 63 65 66 67 68 69 70 71 72 73 74 77 78 79 80 81 82 83 84 85 86 87 91 92 93 95 96 97 98 99 100 101 105 109 110 111 112 113 114 115 124 125 126 127 128 129 140 141 142 143 153 154 155 156 157 168 169 182 184 185 186 207 281,29504 882112 269824 2037760 73312 1005 284 1468 5402 3099 44896 45648 455424 471040 2937856 129864 1845 742 7007 3663 36576 33528 220672 383488 1936384 106328 2330 165 4694 1708 6060 953 6555 40024 125928 242688 1192448 78952 2292 1601 436 405 1141 13578 74864 212160 277504 21888 835 150 248 3538 24864 163584 170816 14169 731 957 5362 110640 150592 14290 653 56992 102984 10283 543 233 24544 53928 6263 292 254 822 1697 261696 35360 2564 525 165 
7,NA,C14,14,18.372,1410.5,198,40 41 42 43 44 45 46 50 51 52 53 54 55 56 57 58 59 62 63 64 65 66 67 68 69 70 71 72 73 77 78 79 80 81 82 83 84 85 86 87 91 92 93 94 95 96 97 98 99 100 101 105 109 110 111 112 113 114 115 124 125 126 127 128 129 138 140 141 142 143 154 155 156 157 167 168 169 170 171 182 183 184 196 198 199 200 207,26608 883008 259584 2043904 75936 1025 165 1593 4462 2811 44056 47520 495488 473792 3051008 136704 2417 177 615 207 7288 4164 43568 40592 248512 389632 2100736 115328 2626 4857 1800 6848 1157 9952 48928 151360 249664 1390592 87256 2689 1401 331 607 184 1873 20288 105544 207296 369280 29128 945 249 297 7191 42536 172672 205824 17544 932 1816 12947 130880 162688 15662 671 526 91856 134080 14597 867 45792 89648 10506 563 166 19768 45624 5937 356 292 638 173 1716 266880 39840 3115 425 
8,NA,C15,15,20.51,1508.7,212,40 41 42 43 44 45 49 50 51 52 53 54 55 56 57 58 59 63 65 66 67 68 69 70 71 72 73 77 78 79 80 81 82 83 84 85 86 87 91 92 93 94 95 96 97 98 99 100 101 105 109 110 111 112 113 114 115 123 124 125 126 127 128 129 138 139 140 141 142 143 152 154 155 156 157 168 169 170 171 182 183 184 185 196 197 207 208 210 212 213 214 215 281,24896 844288 243328 1990656 73192 788 150 1352 4029 2555 41208 50704 524224 461760 3091456 137664 2194 585 7212 4072 48592 45912 278016 391104 2203648 119624 2755 4717 1687 7260 1227 11663 58920 175680 245440 1497088 96216 2644 1546 258 546 242 2978 27768 131392 202240 447744 33656 1214 242 670 12283 61304 168512 255296 21552 758 178 3935 21080 139776 176704 17248 720 1172 4316 102416 140800 14422 631 373 75624 119480 13612 799 37832 77688 9751 530 17792 38976 5794 427 269 624 174 168 2215 271936 43288 3373 185 223 
9,NA,C16,16,22.495,1607.4,226,40 41 42 43 44 45 46 48 49 50 51 52 53 54 55 56 57 58 59 63 64 65 66 67 68 69 70 71 72 73 77 78 79 80 81 82 83 84 85 86 87 91 92 93 94 95 96 97 98 99 100 101 105 107 109 110 111 112 113 114 115 123 124 125 126 127 128 129 138 139 140 141 142 143 152 153 154 155 156 157 166 168 169 170 171 182 183 184 185 196 197 198 199 207 210 211 224 226 227 228 229,22576 822208 232768 1947648 72952 896 171 156 174 1328 3449 2284 39008 53176 550720 453952 3122176 141696 2544 468 226 7224 4556 55248 49864 303808 384576 2266112 125432 2929 4842 1682 7776 1289 14998 67160 199040 242496 1594368 103960 2859 1530 215 679 302 3953 33800 159616 203328 510528 40472 1533 214 176 926 15090 79192 169088 306368 26488 1185 207 6774 32968 141696 204992 20456 802 2096 7306 111656 153792 16640 812 837 2519 84080 132672 14711 963 224 63880 110936 13517 851 30984 70112 9692 753 14875 34728 5344 390 406 280 965 1774 260352 46288 3644 195 
10,NA,C17,17,24.359,1706.5,240,40 41 42 43 44 45 49 50 51 52 53 54 55 56 57 58 59 62 63 65 66 67 68 69 70 71 72 73 77 78 79 80 81 82 83 84 85 86 87 90 91 92 93 94 95 96 97 98 99 100 101 105 109 110 111 112 113 114 115 123 124 125 126 127 128 129 137 138 139 140 141 142 143 152 153 154 155 156 157 165 166 168 169 170 171 179 180 182 183 184 185 195 196 197 198 199 207 208 210 211 212 213 224 225 238 240 241 242 243,21240 806528 223296 1955328 73560 869 212 1576 3249 2076 36728 56720 579904 456832 3193344 142656 2484 194 654 6449 4950 59816 57920 326208 384000 2382336 131776 2867 4335 1529 8580 1857 20112 75184 230208 249984 1682432 112000 2983 156 1635 286 756 377 5077 40808 185664 201280 569408 44360 1768 192 1160 20992 95880 167616 357760 30568 1545 407 9232 43936 142272 243968 22992 1412 190 3856 12676 117864 180608 18280 1079 1883 5018 94616 136832 17240 856 341 850 74000 121776 15508 986 155 182 57136 107704 14096 1042 379 29128 66440 10107 754 308 176 13783 31768 6552 762 218 819 2194 263936 49792 4369 251 
11,NA,C18,18,26.121,1805.9,254,40 41 42 43 44 45 49 50 51 52 53 54 55 56 57 58 59 62 63 64 65 66 67 68 69 70 71 72 73 77 78 79 80 81 82 83 84 85 86 87 91 92 93 94 95 96 97 98 99 100 101 105 107 108 109 110 111 112 113 114 115 123 124 125 126 127 128 129 137 138 139 140 141 142 143 151 152 153 154 155 156 157 165 166 167 168 169 170 171 180 181 182 183 184 185 196 197 198 199 207 210 211 212 213 224 225 226 227 238 239 240 240 252 254 255 256 257,20648 778880 212672 1909760 71832 787 242 1287 3106 2311 34472 57888 603840 447424 3232256 142592 2454 156 679 238 6809 5038 63952 61168 360320 392960 2463744 132864 2736 4197 1566 8602 2138 22336 85048 259904 256320 1772544 114896 3182 1537 246 1021 434 6956 48032 215296 205312 627584 47568 1502 335 190 161 1667 25912 117376 175040 405376 35040 1296 855 12369 54040 145088 279872 26312 1401 268 6090 17104 126976 203200 21552 936 154 2483 7836 103744 157696 18328 957 170 1217 3199 84152 132224 16293 869 473 1303 65088 116072 15290 978 53552 101904 14485 1080 428 25080 59888 10657 867 11638 31840 5500 456 246 675 173 164 1851 262656 53040 4747 244 
12,NA,C19,19,27.794,1904.1,268,40 41 42 43 44 45 50 51 52 53 54 55 56 57 58 59 63 65 66 67 68 69 70 71 72 73 74 77 78 79 80 81 82 83 84 85 86 87 91 92 93 94 95 96 97 98 99 100 101 105 109 110 111 112 113 114 115 117 123 124 125 126 127 128 129 137 138 139 140 141 142 143 151 152 153 154 155 156 157 165 166 167 168 169 170 171 180 181 182 183 184 185 194 195 196 197 198 199 207 208 210 211 212 213 224 225 226 227 238 239 240 241 253 254 266 268 269 270 271 281,13045 511104 137664 1263104 51736 682 762 1803 1266 22168 38792 410240 289792 2121216 95224 1759 387 4420 3851 45624 42632 246976 253760 1608192 90304 1839 189 2887 1293 6196 1439 16544 59336 182336 159680 1152512 76432 2052 1294 341 745 399 5317 34168 153536 126648 417792 32256 1049 208 1439 18584 84016 108360 274432 24024 1091 155 590 9612 42936 93464 197376 19320 927 379 5007 13797 79344 143680 15326 787 154 2424 6190 67224 107928 12820 650 180 1188 3128 53496 86544 11167 653 509 1419 43352 70864 9973 708 268 529 34248 60584 9551 558 603 166 28208 53416 8943 658 13499 33000 6137 486 6458 16608 3421 208 331 162 1166 148608 31240 3132 215 185 
13,NA,C20,20,29.429,2011.7,282,41 42 43 44 45 49 50 51 52 53 54 55 56 57 58 59 62 63 65 66 67 68 69 70 71 72 73 77 78 79 80 81 82 83 84 85 86 87 91 92 93 94 95 96 97 98 99 100 101 104 105 107 108 109 110 111 112 113 114 115 117 122 123 124 125 126 127 128 129 137 138 139 140 141 142 143 152 153 154 155 156 157 166 167 168 169 170 171 179 180 181 182 183 184 185 194 196 197 198 199 200 207 208 210 211 212 213 222 224 225 226 227 238 239 240 241 252 253 254 255 266 267 268 278 280 282 283 284 285,828736 229888 2180096 77256 996 199 1300 3038 2265 37920 77272 791552 567552 4205568 187520 3368 159 527 7515 8103 94736 96080 556224 545024 3535872 195072 4209 5265 1868 12507 3663 42256 145792 462656 388544 2802176 184384 4675 2561 527 1625 912 14548 93864 421184 327104 1099776 82640 2796 231 314 356 272 5106 55176 248576 288320 771328 66496 2860 178 313 2412 32912 134336 262272 582720 56488 2775 1092 18712 50432 236864 455168 49112 2419 10490 25808 209472 366144 41504 2096 5828 13331 176512 301312 37568 2052 150 3091 7191 152320 254592 33976 2190 1116 124488 227264 32376 1998 150 453 828 103392 204288 32464 2341 199 87960 184256 30744 2552 42520 111368 19392 1780 20976 57696 11047 884 351 1595 368 154 3416 518784 111688 12290 850 
14,NA,C22,22,32.407,2216.8,310,40 41 42 43 44 45 49 50 51 52 53 54 55 56 57 58 59 63 64 65 66 67 68 69 70 71 72 73 74 77 78 79 80 81 82 83 84 85 86 87 91 92 93 94 95 96 97 98 99 100 101 105 106 107 108 109 110 111 112 113 114 115 119 121 122 123 124 125 126 127 128 129 135 136 137 138 139 140 141 142 143 144 152 153 154 155 156 157 165 166 167 168 169 170 171 179 180 181 182 183 184 185 193 194 195 196 197 198 199 207 208 209 210 211 212 213 222 224 225 226 227 236 236 238 239 240 241 250 252 253 254 255 266 267 268 269 279 280 281 282 283 294 295 296 308 310 311 312 313,18656 714112 196928 1974272 72536 1040 239 1331 2747 1608 30712 69008 748032 496448 3780096 169280 2661 399 252 6528 8333 89776 93352 539264 474112 3116544 170752 4017 216 4575 1738 11083 3835 43800 139776 452544 324992 2431488 156160 4274 2690 590 1564 892 17928 91728 423232 268032 969344 72504 2367 1067 166 255 320 6299 56168 251008 236480 683712 57112 2216 339 196 685 3508 34920 136896 210560 513984 49608 2117 231 201 1887 21920 57512 192832 407552 42656 2165 160 13508 30104 173312 330368 37992 1989 216 8512 17376 149248 270016 34472 1908 191 5053 10302 127504 228800 31160 2158 220 3186 5844 108128 195264 27272 2057 946 1724 3469 91248 166784 26584 2159 690 77992 151424 25784 2243 241 269 62096 142912 25624 1824 249 55952 125200 23296 1944 27848 73488 14568 1885 151 13491 40296 7890 882 162 1164 255 2358 341952 82224 9604 554 
15,NA,C24,24,35.155,2415.2,338,40 41 42 43 44 45 49 50 51 52 53 54 55 56 57 58 59 62 63 64 65 66 67 68 69 70 71 72 73 77 78 79 80 81 82 83 84 85 86 87 91 92 93 94 95 96 97 98 99 100 101 103 105 107 108 109 110 111 112 113 114 115 119 120 122 123 124 125 126 127 128 129 133 135 136 137 138 139 140 141 142 143 144 149 151 152 153 154 155 156 157 166 167 168 169 170 171 180 181 182 183 184 185 191 193 194 195 196 197 198 199 207 208 209 210 211 212 213 222 223 224 225 226 227 236 238 239 240 241 250 251 252 253 254 255 264 265 266 267 268 269 270 280 281 282 283 294 295 296 297 308 309 310 311 322 323 324 336 338 339 340 341,15567 611648 169920 1843712 67488 700 216 1246 2366 1669 25040 67000 723904 463360 3544064 157504 2310 172 427 256 5075 7640 91448 95408 546560 440064 2936832 158976 3854 3387 1368 10848 3805 49712 146048 485824 310720 2278912 150656 4197 3376 383 1801 1633 20648 97952 459968 251008 949120 72552 2342 157 1408 379 535 7944 61584 271808 224192 670016 57848 2447 774 168 753 5326 41056 155264 204608 515392 48328 2457 501 236 564 3444 27352 67696 179904 409344 43944 1785 167 187 1057 16792 39160 162176 337216 39864 2417 12074 23040 144320 279488 35344 1892 7949 14916 130808 238016 30872 2140 166 313 5204 9298 111112 201408 30040 2214 1745 3393 6204 95248 173632 27280 1915 2176 3514 81696 153088 24456 2230 1280 68712 139520 23912 2170 654 1411 59296 128904 23632 1990 339 662 52824 119832 23784 1881 168 45200 110696 22232 2661 24064 64992 13386 1456 11357 35136 8843 1052 278 1240 432 1934 281664 73744 9594 927 
16,NA,C26,26,37.7,2614.3,366,40 41 42 43 44 45 49 50 51 52 53 54 55 56 57 58 59 63 65 66 67 68 69 70 71 72 73 74 75 76 77 78 79 80 81 82 83 84 85 86 87 90 91 92 93 94 95 96 97 98 99 100 101 104 105 107 108 109 110 111 112 113 114 115 117 118 119 120 121 122 123 124 125 126 127 128 129 132 133 135 136 137 138 139 140 141 142 143 147 149 151 152 153 154 155 156 157 166 167 168 169 170 171 179 180 181 182 183 184 185 191 192 193 194 195 196 197 198 199 207 208 209 210 211 212 213 221 222 223 224 225 226 227 236 237 238 239 240 241 250 251 252 253 254 255 264 265 266 267 268 269 278 279 280 281 282 283 284 292 294 295 296 297 308 309 310 311 312 322 323 324 325 326 336 337 338 339 341 350 351 352 364 366 367 368 369 429,13980 531136 150656 1680896 64016 1003 325 1183 2364 1611 21760 62864 689152 433472 3336704 149952 2516 283 5089 7394 90912 95312 551872 419008 2780672 155456 3903 172 214 274 3360 1232 10300 4216 53832 148992 508224 297472 2196480 146368 3789 182 3631 574 1688 1389 24920 106376 491584 240000 923136 70104 2548 175 2068 504 550 10240 63904 288128 214592 662976 55808 2017 169 429 1184 261 250 1042 6601 45216 169472 194304 514624 48600 2569 461 861 217 748 4569 31296 77984 173248 411136 44880 2405 352 168 1366 21544 45984 157312 340864 39776 2113 15213 29536 140864 289088 37536 2114 424 11445 19728 124584 244096 34448 1969 369 201 466 8215 12890 111248 206848 31376 2037 3173 5693 9306 97440 179008 28968 2423 187 4211 5591 82312 155136 26272 2484 2634 3625 70944 142400 24840 2426 1628 2853 61000 127480 23760 2326 838 1763 54920 116880 23880 2668 348 1052 47168 107112 24328 2117 186 294 41912 102488 23224 2180 36896 93784 20576 2452 253 17832 54512 13314 1918 166 8610 30664 7804 1195 418 232 1194 284 1309 217536 60952 8185 968 246 
17,NA,C28,28,40.054,2812.4,394,40 41 42 43 44 45 50 51 52 53 54 55 56 57 58 59 63 64 65 66 67 68 69 70 71 72 73 74 75 76 77 78 79 80 81 82 83 84 85 86 87 91 92 93 94 95 96 97 98 99 100 101 103 104 105 106 107 108 109 110 111 112 113 114 115 116 118 119 120 121 122 123 124 125 126 127 128 129 133 134 135 136 137 138 139 140 141 142 143 147 149 151 152 153 154 155 156 157 160 161 163 164 165 166 167 168 169 170 171 177 179 180 181 182 183 184 185 191 192 193 194 195 196 197 198 199 205 207 208 209 210 211 212 213 221 222 223 224 225 226 227 236 237 238 239 240 241 249 250 251 252 253 254 255 264 265 266 267 268 269 270 278 279 280 281 282 283 284 292 294 295 296 297 306 308 309 310 311 312 320 322 323 324 325 327 331 336 337 338 339 341 342 343 350 351 352 353 354 356 364 365 366 367 379 380 392 394 395 396 397 405 429,10764 4e+05 115640 1346560 56240 786 1189 1696 1068 15704 49200 544704 336256 2606080 116424 2426 481 288 3714 6197 72424 78560 438016 315712 2096640 116184 3760 232 324 206 2921 1492 8366 3485 42600 117712 406208 217280 1598464 105856 2820 2902 400 1698 1194 21360 84680 385472 172224 655744 50584 2142 181 247 1738 270 427 455 8483 48488 223680 147456 465472 41824 1950 214 314 1431 233 291 1222 5925 33888 126248 132416 350016 33712 1699 914 244 532 673 4074 24656 60592 115784 281728 30592 1485 1064 320 1328 16472 36744 104616 232896 27472 1574 255 256 255 156 798 12837 24944 92192 193408 24896 1450 303 539 9377 16291 81520 165760 22808 1667 770 216 400 8023 12307 74008 142720 20456 1303 155 5944 6001 8609 66472 123392 20136 1394 316 3918 5327 54912 108376 17960 1343 3237 4176 47600 95296 16536 1311 235 1896 2577 41720 84872 15731 1364 1354 2213 37048 75832 14961 1521 156 754 1184 32160 70688 15562 1765 167 554 27568 64392 13968 1580 250 25720 59264 15157 1684 158 166 21352 58112 13776 1960 443 199 20168 54024 14174 1695 733 308 179 9528 31800 8169 1049 267 168 4745 17136 4878 841 392 292 853 107400 33768 4460 539 236 493 
18,NA,C30,30,42.255,3011.3,422,40 41 42 43 44 45 50 51 52 53 54 55 56 57 58 59 63 64 65 66 67 68 69 70 71 72 73 74 75 76 77 78 79 80 81 82 83 84 85 86 87 89 91 92 93 94 95 96 97 98 99 100 101 103 104 105 106 107 108 109 110 111 112 113 114 115 117 119 120 121 122 123 124 125 126 127 128 129 131 132 133 134 135 136 137 138 139 140 141 142 143 147 148 149 151 152 153 154 155 156 157 160 162 163 165 166 167 168 169 170 171 175 177 178 179 180 181 182 183 184 185 189 191 192 193 194 195 196 197 198 199 205 207 208 209 210 211 212 213 221 222 223 224 225 226 227 236 237 238 239 240 241 249 250 251 252 253 254 255 264 265 266 267 268 269 278 279 280 281 282 283 284 292 293 294 295 296 297 306 308 309 310 311 320 321 322 323 324 325 327 328 329 331 335 336 337 338 339 341 342 343 344 346 350 351 352 353 355 356 357 364 365 366 367 378 379 380 381 392 393 394 395 399 401 405 406 407 415 416 420 422 423 424 429 430 431 432 503,5147 161280 48704 569792 35272 843 773 991 603 6352 20232 227520 143424 1102336 48152 1085 249 219 1626 2870 31528 33224 188480 131040 867392 46808 5004 434 674 195 1652 1664 3577 1820 19824 50920 171968 87384 632576 41672 1166 191 1182 355 909 843 9480 38304 162432 66312 262208 20072 533 323 335 1099 193 262 405 3893 21432 94848 56296 186176 16080 968 304 912 239 273 510 2742 15363 55584 50112 141312 15389 748 164 179 1752 200 1012 467 2078 11152 28208 44872 114456 13234 648 1548 267 435 734 7886 18672 40048 94408 11292 713 285 191 306 675 5669 11738 34328 75752 9664 701 209 648 197 436 4752 7996 30736 66912 8779 523 159 1441 368 979 3381 5650 26624 54504 8426 664 173 12242 5229 5493 22840 46464 7710 695 534 2576 2872 20288 40784 6581 508 1714 2078 18136 34896 6507 534 573 1344 1856 15646 33064 6278 824 924 1450 15103 29512 5712 758 543 909 12436 30392 6321 1159 161 390 574 11093 24136 5486 586 209 10366 23368 5093 826 163 200 8649 21256 5359 940 1061 332 287 441 178 7844 21040 5236 835 2122 677 612 211 255 7236 19552 4915 625 731 265 274 6707 17568 4950 709 3070 11022 2716 387 1561 5717 1959 402 184 154 736 229 278 304 156 202 31064 9644 1761 957 448 305 157 163 
19,NA,C32,32,44.323,3207.4,450,41 42 43 44 45 50 51 52 53 54 55 56 57 58 59 61 63 64 65 66 67 68 69 70 71 72 73 74 75 76 77 78 79 80 81 82 83 84 85 86 87 89 91 92 93 94 95 96 97 98 99 100 101 103 104 105 107 109 110 111 112 113 114 115 117 118 119 120 121 122 123 124 125 126 127 128 129 130 131 133 134 135 136 137 138 139 140 141 142 143 145 147 148 149 151 152 153 154 155 156 157 158 159 161 162 163 164 165 166 167 168 169 170 176 177 178 179 180 181 182 183 184 189 191 192 193 194 195 196 197 198 202 205 207 208 209 210 211 212 221 222 223 224 225 226 234 236 237 238 239 240 249 250 251 253 254 255 256 265 266 267 268 269 270 281 282 283 284 285 293 294 295 296 297 308 309 310 313 315 322 323 325 326 327 328 329 331 332 333 336 337 338 339 341 342 343 344 345 346 347 350 351 352 355 356 357 364 365 366 378 379 380 385 389 392 393 394 399 401 403 405 406 407 408 415 416 417 418 421 422 429 430 431 432 450 451 452 479 503 504 505,15789 5243 53200 28120 826 423 682 430 993 2126 20512 13737 101128 4150 680 239 220 364 395 505 3685 3392 17664 12566 78672 4130 9242 1014 1375 236 1161 2094 934 284 2833 5342 16864 8170 56032 3938 455 348 1276 255 623 407 1788 6661 16608 5835 24288 1996 229 567 277 559 217 697 1808 9292 4960 15708 1237 628 505 265 1212 178 184 152 453 1177 4994 3964 12481 1241 159 158 239 2385 399 2029 315 422 1144 2529 3559 8320 1087 255 166 3124 359 563 201 653 1607 3552 8200 1683 516 219 180 310 159 760 157 658 690 1357 2745 6257 937 244 1486 317 543 431 1074 2932 5475 832 301 3364 708 1749 854 1505 2358 5756 840 211 447 27408 6872 4391 2543 4516 785 1211 540 767 2012 4211 770 210 254 409 1916 3682 656 1163 542 647 6147 1513 805 177 1034 1582 3466 936 802 226 11811 2797 2038 466 159 192 1273 2539 475 177 813 1928 499 223 502 997 1782 1762 286 3153 792 630 1238 374 232 731 1900 474 225 4866 1648 1260 511 325 537 265 755 1940 305 1976 549 549 654 1557 452 536 1208 390 165 227 572 1277 532 262 334 407 1515 699 911 285 658 369 301 153 659 253 1732 975 733 239 2409 787 188 151 407 261 259 
20,NA,C34,34,46.333,3400,478,41 42 43 44 45 47 48 51 53 54 55 56 57 58 59 60 61 64 65 67 68 69 70 71 73 74 75 76 77 77 79 80 81 82 83 84 85 86 89 89 90 91 95 96 97 98 99 100 100 102 103 105 109 110 111 113 114 115 116 117 119 123 124 125 126 127 128 131 133 134 135 136 137 138 139 140 141 142 146 147 148 149 150 151 151 152 153 154 155 156 157 158 160 161 163 164 164 166 167 168 169 173 177 179 180 181 182 183 187 191 192 193 194 195 196 197 198 204 205 205 207 208 209 210 211 212 213 215 221 222 223 224 224 225 229 232 236 237 238 238 239 240 248 249 250 251 253 255 255 264 265 266 267 268 269 270 271 275 277 279 281 282 283 283 285 290 294 295 295 296 297 297 309 311 313 315 316 322 323 326 327 328 329 331 331 332 333 333 335 336 337 338 341 342 342 343 343 344 344 345 346 347 350 351 355 356 357 358 359 364 367 369 377 378 379 380 384 385 386 390 391 392 393 399 400 401 401 402 403 404 405 406 407 409 414 415 417 418 420 421 422 425 429 430 433 435 437 446 449 455 473 475 477 478 479 479 487 489 490 490 494 503 504 506 508 515 525 530 538 544 553 568,31928 11711 79216 3699 2850 440 160 1705 2848 2471 29480 11781 86544 7110 1091 825 2399 265 505 3197 2399 15017 8948 79160 21368 1106 2907 220 671 1247 1082 266 3010 2439 18216 7715 41448 2114 223 347 281 2591 1132 4458 9348 2539 14931 458 432 501 772 1237 804 877 5456 14338 1066 458 476 563 862 262 231 1916 1425 9495 856 752 4978 719 4990 190 1002 972 984 3188 5766 365 182 5902 380 290 457 742 741 486 1448 2295 4475 2627 1461 757 199 202 688 793 849 277 1103 2551 4177 266 420 1104 904 1104 2950 3299 269 2707 854 4469 452 2233 2372 5555 980 390 158 155 15238 5633 3031 2457 2301 221 355 751 4483 669 841 772 969 4567 399 633 467 438 783 785 3776 711 249 523 429 893 5370 1014 1778 549 712 1728 2559 1602 531 369 158 362 378 528 9055 919 1665 923 850 182 954 1263 1107 524 364 633 321 240 246 1114 244 1237 1723 228 3715 758 1309 1496 1093 470 196 463 165 485 1324 363 2797 701 1320 1251 1102 441 178 189 827 657 667 855 5001 153 1586 994 780 249 811 1181 1035 299 982 476 279 401 888 210 637 403 932 560 566 632 1018 413 619 440 1124 1336 782 302 171 844 563 475 501 266 339 422 983 1517 298 868 430 386 798 173 494 1014 387 902 894 1126 335 733 426 301 232 448 676 741 295 328 480 212 274 850 161 749 
21,NA,C36,36,48.83,NA,506,41 42 43 44 45 50 51 53 54 55 56 57 58 59 60 63 66 67 69 70 71 72 73 74 75 76 77 78 78 80 81 82 83 84 85 86 87 89 91 92 93 93 95 96 97 98 99 100 104 105 108 109 110 111 112 113 114 115 116 118 119 119 121 124 124 125 126 127 133 133 135 136 137 139 139 140 141 142 147 148 148 149 151 151 152 153 154 155 155 156 158 158 162 163 164 164 165 166 167 168 169 170 177 178 179 181 182 182 183 186 191 192 193 194 195 196 197 198 200 203 204 205 206 207 208 209 210 211 212 217 218 221 222 223 224 224 225 227 237 238 239 239 240 241 243 249 250 251 252 253 254 255 256 257 263 265 266 267 268 268 269 271 280 281 282 283 285 294 294 295 298 309 310 312 315 316 323 323 324 325 326 327 328 329 331 331 332 337 338 339 340 341 342 342 343 344 345 346 347 351 352 354 355 356 357 358 364 365 369 373 376 379 383 385 386 387 388 390 391 392 393 394 400 401 402 403 404 405 405 406 408 408 414 415 416 417 418 419 420 421 421 429 430 430 431 432 433 434 444 451 461 463 463 464 476 477 478 479 480 482 490 491 503 503 505 554 576 580,10705 2270 29864 1449 2198 423 538 725 1066 8397 6387 40824 1323 1808 504 435 497 2803 8430 4070 19848 2002 19392 1175 1299 350 2515 359 287 241 566 720 4890 2790 15671 1359 307 424 3229 492 559 165 737 2574 4533 949 4125 263 1133 770 174 593 456 3824 1643 5331 386 692 500 318 810 750 422 378 625 2100 843 1404 2582 463 6600 670 1200 668 754 1709 1645 414 8683 869 490 353 645 237 325 688 1146 1417 702 275 1070 675 1251 722 790 276 498 667 1139 547 918 607 757 1036 396 247 254 245 3253 173 1878 1059 2811 443 534 1138 4095 560 316 220 1739 217 166 17048 4483 4287 419 593 637 175 253 1511 2172 2830 497 1066 1598 292 641 493 1263 1387 359 843 323 2556 601 992 163 3108 678 308 407 176 153 425 470 1507 718 555 313 200 1412 9065 3673 1803 151 564 1028 1061 925 1227 357 899 367 480 435 378 573 861 464 3380 1353 709 573 422 418 545 392 574 485 1050 653 256 264 532 1999 625 324 385 976 384 2347 940 449 330 355 506 320 193 162 1570 507 896 164 633 377 482 236 364 598 624 702 606 494 1646 568 723 650 305 152 374 755 866 206 508 320 151 530 722 570 1573 596 1196 978 304 572 509 225 660 316 233 212 910 722 541 651 618 508 243 204 563 159 247 594 385 266 985 