"hmdbID"	"CompoundWithTMS"	"RT_min"	"RT"	"RI"	"Intensity"	"MatchFactor"	"RI.Similarity"	"Corr.Spearman"	"matchMZrate"	"matchMZnum"	"sampleMZnum"	"TScore"	"Area"	"RT.start"	"RT.end"	"peakType"	"mz"	"mzInt"
"HMDB00243"	"Pyruvic acid"	"8.052"	"483.134"	"1037.501"	"125099"	"231.516"	"90.03"	"37.15"	"64.63"	"95"	"100"	"57.26"	"24497324"	"7.9"	"8.243"	"SKEWED"	"41.1,42.1,43.1,44.1,45,46.1,47.1,48.9,50,50.9,52,53,54.1,55.1,56.1,57.1,58.1,59,60,61,63,65,66.1,67,68.1,69,70.1,71.1,72.1,73.1,74.1,75.1,76,77.1,78,79,81.1,83,84,85,86.1,87.1,88,89,90,91.1,93,94,95,96.1,97,100.1,101,102,103,104,104.9,106.1,111.1,115.1,116.1,117,117.9,119,120,121.1,129,130,131,132,133,135,146.1,147,148.1,149,155.1,163,169.9,174,175,176,176.9,188.1,189.1,190.1,191.1,192,193,207,208,209.1,221.1,222,249,251.1,252,253,263.1,280.9"	"2863,3273,14523,6097,1546,168,948,176,217,230,203,341,208,712,2401,3392,4019,818,199,291,221,213,224,323,262,2573,588,663,10604,3782,459,6845,1245,2181,472,395,457,412,661,477,4582,7710,1029,246,204,316,693,171,374,415,220,740,756,191,271,1449,240,637,467,2131,348,415,240,303,398,409,621,159,187,310,813,214,674,1620,280,966,553,177,266,192,279,172,409,283,348,207,1450,424,377,5413,1053,667,907,250,551,3064,602,490,150,285"
"HMDB00243"	"Pyruvic acid"	"8.135"	"488.096"	"1040.015"	"131885"	"445.55"	"94.08"	"56.22"	"59.86"	"88"	"91"	"62.11"	"28696593"	"7.944"	"8.326"	"SKEWED"	"41.1,42.1,43.1,44.1,45,46,47,51,52,53,54,55.1,56.1,57.1,58.1,59.1,60,61,65,66,67,68,69,70.1,71.1,72.1,73.1,74,75.1,76,77,78.1,79,80,81,82,83,84,85,86.1,87.1,88.1,88.9,90,91,93,95.1,95.9,100,101,102,103,104,104.9,106,113,114,115,116,117.1,118,118.9,120,121,128,129,130,130.9,132,133.1,143.1,147.1,148.1,149,157,158.1,159,160,169.9,173.1,175,177,191,191.9,207,208,209,221.1,248.9,251.1,280.9"	"2607,2898,12583,5312,2408,285,1154,239,158,259,334,1989,11016,3852,3636,1066,247,556,206,174,304,192,1652,653,1083,8115,9193,1008,8863,1101,1815,522,469,162,154,164,3289,847,467,4593,6654,1007,181,158,266,652,314,155,608,578,249,1728,830,257,527,213,253,1635,364,591,215,243,284,382,191,471,457,205,175,536,232,1151,150,500,686,6050,676,338,197,608,198,273,526,222,1710,339,233,783,484,206,271"
"HMDB00243"	"Pyruvic acid"	"8.211"	"492.677"	"1042.313"	"84537"	"422.597"	"97.77"	"61.01"	"51.02"	"75"	"79"	"57.74"	"18393434"	"8.02"	"8.402"	"SKEWED"	"41.1,42.1,43.1,44.1,45,45.9,47,49,51,52,53,54,55,56.1,57.1,58.1,59.1,60,61,63,65,66,67,68.1,69.1,70,71.1,72.1,73.1,74,75,76,77,78,79.1,83.1,84.1,85.1,86.1,87.1,88.1,91,93,95.1,96.2,97,100.1,101,102.1,103.1,104,105,106,115.1,116.1,117,118.9,120.1,121,129.1,130.9,133,147.1,148,149.1,158,170,177,188.1,191,192,207,208.1,220,221,249,251.1,263,281"	"2474,2296,10770,4506,1093,181,690,185,176,252,199,168,848,2971,3270,2673,664,158,174,198,150,213,214,169,1328,617,513,6880,3517,425,5458,812,1558,498,333,333,537,376,3332,5787,740,269,638,226,155,223,409,502,2097,474,638,199,449,1437,239,316,174,213,303,482,191,402,1281,199,523,447,153,194,166,469,180,1140,203,172,660,339,202,175,223"
"HMDB00243"	"Pyruvic acid"	"8.326"	"499.548"	"1045.721"	"79871"	"392.378"	"96.79"	"41.46"	"58.5"	"86"	"94"	"60.38"	"17378212"	"8.135"	"8.517"	"SKEWED"	"41.1,42.1,43.1,44.1,45,46.1,47,50,51.1,52,53,54,55.1,56.1,57.1,58.1,59.1,60,61,63,65,67,68,69.1,70.1,71,72.1,73.1,74,75.1,76,77,78.1,79.1,81,83.1,84,85,86.1,87.1,88.1,89,90,91,92.1,93,95,96,97,100.1,101,102,103,104,105,106.1,108.1,111.2,115.1,116,117.1,118,119.1,120,120.9,122,129,129.9,131,133,143,147,148,149,152.1,153,154,158.1,165.9,166.9,177.1,191,192,198.1,207,208.1,221.1,222.1,228,243.1,249.1,251.1,263,281"	"2617,2245,7940,3593,1076,163,730,170,323,229,262,197,684,2421,3204,2397,521,151,165,220,228,261,150,1010,348,510,5006,3292,495,5458,802,2149,598,317,230,309,378,192,2662,4582,501,151,174,741,187,455,290,183,180,337,370,227,438,684,150,377,153,242,1101,216,365,467,1485,452,245,240,334,154,150,261,216,622,517,498,2436,318,225,216,318,271,199,384,244,656,788,198,507,164,415,157,203,270,184,221"
"HMDB00243"	"Pyruvic acid"	"8.421"	"505.274"	"1048.524"	"62177"	"416.654"	"92.35"	"61.5"	"47.62"	"70"	"71"	"54.78"	"13528378"	"8.23"	"8.612"	"SKEWED"	"41.1,42.1,43.1,44.1,45,47,51,52.9,54,55,56.1,57.1,58.1,59,63.1,64.9,65.9,67,68,69.1,70,71.1,72.1,73,74,75.1,76.1,77,78.1,79.1,81,83,83.9,86.1,87.1,88,91.1,93,95,96,97.1,98.1,99.1,100.1,101,104,105,106,115.1,116,117.1,118.1,119,120,121,129,129.9,133,147,149,158,175,177,188.1,191,192.1,207.1,207.9,221,263.1,281.1"	"2827,2538,6265,4182,826,618,157,178,173,667,2307,3141,2026,450,176,161,184,253,232,725,378,600,2971,2348,292,5301,481,1506,371,313,189,150,218,1794,3420,344,338,444,207,241,312,1676,1925,370,318,480,185,239,812,192,403,169,419,222,185,170,189,238,454,318,239,194,172,153,285,225,554,169,434,153,293"
"HMDB00190"	"Lactic acid"	"9.166"	"549.935"	"1069.362"	"79209"	"171.963"	"91.21"	"17.48"	"51.68"	"77"	"83"	"49.24"	"17234175"	"8.975"	"9.356"	"SKEWED"	"41.1,42.1,43.1,44,45,47,51,53,55.1,56.1,57.1,58,59,60.1,60.9,64.9,67.1,68,69,70,71.1,72.1,73.1,74,75,76,77,78,79,81.1,83,84,85.1,86.1,87.1,88,91,92.9,94.9,97,98,99,100.1,101,102,103.1,104.9,112,114.1,115.1,116.1,116.9,128.1,129.1,130.1,131.2,132,133.1,142.1,143.1,144,147.1,149.1,151,154,156.1,157.1,158.1,170.1,171.1,172.1,174.1,175.1,176.1,177,189.1,189.9,191,192.1,193,207,221.1,281.1"	"2472,1483,3552,2191,1497,789,197,172,680,2029,3230,1237,946,226,262,183,270,154,394,561,480,1676,8260,937,5454,400,1231,331,254,211,150,197,242,1123,1902,211,465,596,194,177,381,226,1245,322,242,224,198,215,217,1208,357,370,7145,1147,3208,477,178,215,444,169,220,530,342,191,302,1567,242,190,286,1169,319,4320,586,381,183,1014,219,224,191,165,771,240,310"
"HMDB00190"	"Lactic acid"	"9.299"	"557.951"	"1072.922"	"425462"	"576.574"	"96.77"	"73.57"	"59.73"	"89"	"94"	"66.52"	"12469652"	"9.255"	"9.344"	"NORMAL"	"41.1,42.1,43.1,44,45.1,46.1,47,48,48.9,51,52.1,52.9,54,55,56.1,57.1,58.1,59.1,60.1,61,62,63,66.1,67.8,69,70,71.1,72.1,73.1,74.1,75.1,76.1,77.1,78,79.1,82.1,84,85.1,86,87.2,89,91,93,95.1,98,99.1,100,101.1,102,103,103.9,105,106,113.1,113.9,115,116,117,118,119,120,128,129,130.1,131,132,133,134,135,143.1,144,147.1,148.1,149.1,150.1,151,157.9,159.9,170.1,174.1,175,176.1,177,189.1,190.1,191.1,192.1,193,205.1,206,207.1,221.1,249.1,281.1"	"2076,1666,5191,3314,8384,659,3258,163,154,958,3238,583,196,759,2351,3379,2005,4644,852,2362,213,262,18312,217,301,2285,926,4665,30792,4196,44696,3242,2466,389,304,154,188,298,1519,2802,371,380,467,219,161,368,12485,1761,1470,1007,211,604,194,359,467,1709,608,1741,328,423,222,390,222,2318,6040,1391,2609,392,267,172,272,115544,18464,9165,1049,362,182,175,199,3590,662,335,182,742,52480,9700,4702,604,1746,267,593,264,160,184"
"HMDB00190"	"Lactic acid"	"9.388"	"563.296"	"1075.268"	"371605"	"772.499"	"99.58"	"86.58"	"65.1"	"97"	"105"	"75.64"	"11154523"	"9.35"	"9.433"	"NORMAL"	"41.1,42.1,43.1,44.1,45.1,46,47,49,51.1,52,52.9,54,55.1,56.1,57.1,58,59.1,60.1,61,63,65.1,66.1,66.8,68,69,70,71.1,72.1,73.1,74.1,75,76.1,77,78.1,79.1,80,80.9,84,85.1,86,87.1,88.1,88.9,89.9,91,93,94.1,94.9,99,100.1,101,102,102.9,103.9,105,113,114,115,116.1,117.1,118.1,119.1,120,128,129,130.1,131.1,132.1,133.1,134,135,141,142.1,143,147.1,148.1,149,150.1,151,154.1,156,166,170.1,171.1,174.1,175,176,177,185.2,188,189.1,190.1,191.1,192.1,193.1,194,203,205,207,219.1,220.1,221.2,222,249,281.1"	"1967,1620,5386,3279,7459,482,1855,157,420,936,269,172,1530,2038,3317,2197,3473,566,1059,165,241,6678,1284,151,403,702,895,2978,60712,5444,12972,1006,1498,399,255,155,187,190,320,958,2673,4106,778,159,551,492,327,287,297,1269,1942,1691,778,190,481,233,155,1399,908,59232,6487,2976,612,342,1135,1306,3060,561,4843,676,500,200,198,192,65416,10310,5629,642,239,219,151,179,1323,225,1593,893,210,262,312,168,522,15963,15043,3623,1426,166,588,171,528,6156,1268,830,176,195,307"
"HMDB00190"	"Lactic acid"	"9.541"	"572.457"	"1079.237"	"180439"	"526.199"	"93.46"	"42.44"	"62.42"	"93"	"117"	"65.69"	"5802605"	"9.503"	"9.579"	"NORMAL"	"40.1,41.1,42.1,43.1,44,45.1,46,47,48,49,50,51,52,53,54.1,55.1,56.1,57.1,58.1,59.1,59.9,61,63,65,66.1,67,69.1,70,71.1,72,73.1,74.1,75.1,76.1,77,78,79,81,83.1,84.1,85,86.1,87.1,88,89,90,91,92,93,95,99.1,100,101,102,103,103.9,105,115,116,117.1,118.1,119.1,120,121,121.9,128.1,129,130.1,131,132,133,134,134.9,143,144,145,146,147.1,148.1,149,150,151,158,166,167.9,170,174,175.1,176.1,177,180,188.1,189.1,190,191.1,192.1,193,194,207,208,208.9,214,219,221.1,240,242,243.1,244,257.1,258.1,281,286.1,287.1,288.1,295.2,300.1,332.1"	"661,2670,3053,4536,2646,3346,225,1180,175,337,336,232,226,328,229,1620,4175,3384,1403,1228,211,407,238,192,657,271,661,1175,624,2052,32456,3033,8140,817,3326,1522,378,259,250,1230,292,989,1872,303,158,391,329,191,533,193,186,1843,1159,317,473,304,231,481,989,24536,2738,1409,2281,301,230,218,187,539,800,210,888,166,152,174,2612,340,225,8211,1275,1015,175,486,210,742,182,1004,834,402,224,221,165,932,401,1702,982,5079,1025,475,1121,205,167,179,188,500,308,907,198,237,1264,254,338,6808,1295,580,201,236,518"
"HMDB00190"	"Lactic acid"	"9.605"	"576.274"	"1080.872"	"66004"	"458.444"	"90.95"	"46.77"	"46.31"	"69"	"74"	"55.1"	"14361051"	"9.414"	"9.795"	"SKEWED"	"41.1,42.1,43.1,44.1,45,47,52.1,52.9,55,56.1,57.1,58.1,59,61,62.9,66.1,67.1,69,70.1,71,72.1,73.1,74,75.1,76,77,78,79.1,81.2,84,86.1,87.1,88,91,93,95,100,101,102,103,115.1,116,117.1,118.1,119,120,129,131,132.1,133,144,145,146.1,147.1,148,149.1,160,170,173.1,174,175,176.9,188.1,190.1,191.1,192.1,193,194,207.1,208.1,209,221,281,286.2"	"2263,1612,3314,1921,1314,800,178,198,690,1981,2843,944,544,322,162,501,251,244,291,466,976,6667,660,7760,597,1305,515,223,172,249,938,1593,211,291,477,203,496,352,281,264,473,252,3324,437,299,472,333,683,459,430,262,194,158,3823,625,641,261,253,1636,398,205,173,207,1083,627,558,233,194,859,157,168,294,346,381"
"HMDB00729"	"alpha-Hydroxylsobutyric acid"	"9.821"	"589.253"	"1086.351"	"98078"	"156.853"	"94.4"	"15.97"	"49.69"	"80"	"83"	"48.43"	"21340596"	"9.63"	"10.012"	"SKEWED"	"41.1,42.1,43.1,44.1,45,47,48,48.9,50.1,51.1,52.1,53.1,54.1,55.1,56.1,57.1,58.1,59,61,63.9,65,66,67.1,69,70,71.1,72,73.1,74.1,75.1,76,77,78,79,81,83.1,84.1,85.1,86.1,87,88,88.9,90,90.9,93,94.9,100,101.1,103,104,105,115.1,116.1,117,117.9,119,120,121,121.9,131,133,147.1,148,149,163,170,174.9,176.9,187.1,188.1,189,190.1,191,192,193,205.2,207,221.1,222.1,223,249.1,265.1,281"	"3709,2393,3570,1823,974,517,352,159,344,498,385,2228,2686,12678,6572,3533,928,457,167,326,416,302,764,892,323,757,783,5360,599,4923,411,1258,1128,267,205,1896,3207,304,981,1620,153,160,538,270,368,360,309,265,1075,189,166,467,256,898,187,398,5989,294,382,199,515,1751,555,436,150,203,155,305,339,208,197,246,468,307,232,207,713,5005,1136,579,151,220,341"
"HMDB00729"	"alpha-Hydroxylsobutyric acid"	"9.91"	"594.597"	"1088.573"	"237636"	"308.068"	"97.82"	"37.45"	"65.84"	"106"	"130"	"61.73"	"8192877"	"9.865"	"9.954"	"NORMAL"	"41.1,42.1,43.1,44.1,45.1,46,47,48.9,50,50.9,52,53,54.1,55.1,56.1,57.1,58.1,59.1,60,61,63,65,66.1,67,68.1,69,70,71,72.1,73.1,74.1,75,76,77,78,79,81,83.1,84.1,85,86.1,87.1,88,89,90.1,91,92.1,93,95,96.1,99.1,100,101.1,102,103.1,104.1,105,106,107,108,114.1,115,116,117,118,119,120,121,128.1,131,132.1,133,133.9,135,142,143,144,144.9,146.1,147.1,148,149,150,151,152,156,158.1,159.1,160.9,161.9,163,166,167.9,170,176,177.1,178,179.1,180,180.9,187.1,188.1,189.1,190,191.1,192.1,193,194.1,197,197.9,200,205,207,218.1,221.1,222.1,223.1,238.1,242.1,243.1,244.1,257.1,265.1,272.1,273.1,274,281,286.1,287.1,288.1"	"2131,1551,4531,2602,4650,342,1179,472,200,212,196,342,378,1804,3885,3207,1760,1634,307,331,458,188,334,317,205,878,593,595,2809,54688,4681,7323,787,6142,998,487,517,277,710,195,1326,2196,460,246,182,344,157,518,224,183,165,2483,476,1175,18408,2028,1020,190,864,174,274,591,487,655,225,367,1019,262,174,1256,262,1110,213,236,741,261,1009,194,171,21352,3266,2058,322,509,640,180,874,182,153,159,404,171,310,656,410,2401,475,295,1461,197,379,3144,695,397,387,10313,1923,868,781,355,169,340,680,727,3003,767,287,263,3374,584,271,375,163,8568,1385,784,295,644,1506,431"
"HMDB00729"	"alpha-Hydroxylsobutyric acid"	"10.012"	"600.705"	"1091.087"	"65902"	"244.215"	"98.34"	"31.25"	"46.58"	"75"	"85"	"50.29"	"14338858"	"9.821"	"10.203"	"SKEWED"	"41.1,42.1,43.1,44.1,45,47,50.9,52,53,54,55.1,56.1,57.1,58,59,60,61,66,67,69,70.1,71,72.1,73.1,74,75.1,76,77.1,78,79,81,83.1,84.1,85.1,86.1,87,88,91,93,95,95.9,99.1,100.1,101,102.1,103,104,105,114,115,116.1,117,118,119.1,120,124,129.1,131,132.9,143.1,147.1,148.1,149,151.1,160,166,169.9,175,177,188,188.9,191,192,193,205,207,221.1,222,223,238.1,240.1,242,272.1,281,332"	"2404,1549,3530,2372,1121,673,150,164,282,222,1073,2071,3011,1213,522,157,232,199,166,329,397,387,1863,6095,590,5845,528,1677,483,262,167,178,296,193,921,1666,176,365,367,248,174,183,2178,446,163,1028,172,181,233,424,1809,498,554,404,437,163,510,186,469,150,2440,398,458,204,257,233,217,245,371,199,190,277,579,152,150,490,1761,470,232,674,247,204,378,316,211"
"HMDB00729"	"alpha-Hydroxylsobutyric acid"	"10.133"	"607.957"	"1094.039"	"65092"	"281.348"	"93.85"	"33.47"	"45.34"	"73"	"80"	"49.88"	"14162620"	"9.942"	"10.323"	"SKEWED"	"41.1,42.1,43.1,44.1,45,47,51.1,52,53.1,54,55.1,56.1,57.1,58.1,59,61,64.9,66,66.9,69,70,71,72,73.1,74,75.1,76,77,78.1,79,80.9,83.1,84.1,84.9,85.2,86.1,87.1,89,91.1,92.9,94.9,100,101,102.1,103.1,104.1,105,115,116,117.1,119,120,129.1,130,131,133,145.1,146.1,147,148,149,170,176.9,190,191,192,192.9,207.1,208,220.1,221.1,222.1,235.1,237,238.1,249,272.1,279.1,281,282"	"2344,1336,3056,1888,1160,661,179,188,216,214,692,2006,2995,937,596,174,175,178,238,318,227,359,1183,7753,1342,5656,382,1289,312,251,151,161,207,171,177,804,1702,160,248,444,211,569,207,342,2853,269,208,371,376,202,324,452,152,365,237,674,348,1059,3783,586,630,220,225,204,349,283,193,666,161,2140,721,290,381,853,304,157,171,349,490,153"
"HMDB01987"	"2-Hydroxy-2-methylbutyric acid"	"11.577"	"694.609"	"1142.748"	"78747"	"194.798"	"90.88"	"34.74"	"39.13"	"72"	"73"	"43.59"	"17133654"	"11.386"	"11.768"	"SKEWED"	"41.1,42.1,43.1,44.1,45,47,51,55,56.1,57.1,58.1,59,60,61,67,69,70,71,72.1,73.1,74.1,75.1,76,77,78,78.9,84,86.1,87.1,90.9,92.9,95.1,100,101,102.1,103,114.1,115,116.1,117.1,119.1,119.9,128,130.1,131.1,132.1,132.9,144.1,145.2,146.1,147.1,148.1,149,170,174.1,175.1,176.1,177,188.1,189.1,190.1,191,192,203.1,204,205,207,218.1,221.1,248.9,281.1,282,323.1"	"2437,1450,3836,2113,1417,737,152,438,1980,2904,920,931,184,339,165,238,310,425,1136,12093,1223,5715,363,981,252,209,187,1388,1942,233,438,155,264,281,432,156,340,341,260,567,160,154,185,5471,1184,330,336,1443,233,227,2215,333,529,193,4564,709,255,152,4434,795,301,358,171,1304,191,172,502,471,157,151,740,183,176"
"HMDB01987"	"2-Hydroxy-2-methylbutyric acid"	"11.761"	"705.679"	"1148.948"	"50348"	"479.262"	"99.92"	"41.18"	"38.59"	"71"	"72"	"53.66"	"10954642"	"11.57"	"11.952"	"SKEWED"	"41.1,42.1,43.1,44,45,47,51.1,52,52.9,55.1,56.1,57.1,58.1,59,60.9,66,67.1,69,70,71,72.1,73.1,74.1,75,76,77,78,79,81.1,83,84.1,86.1,87.1,87.9,88.9,91,93,95,100,101.1,102,102.9,115.1,117.1,118,119.9,129,130,131,133,143,144,147.1,148,149.1,170,174,175,177,188.1,189.1,190,190.9,191.9,193,207,218.1,221.1,249,281.1,282,323"	"1956,1333,3156,1922,1088,607,154,194,151,423,1660,2929,753,512,188,281,220,205,184,328,933,5617,583,4498,462,1002,309,206,157,195,180,969,1663,172,333,220,463,159,315,273,168,178,404,893,164,191,527,332,266,362,154,172,3877,624,573,175,202,191,225,233,286,530,274,237,155,395,228,173,175,645,185,166"
"HMDB00700"	"beta-Lactate"	"12.137"	"728.2"	"1161.266"	"55663"	"168.399"	"94.82"	"12.28"	"40"	"54"	"58"	"44.02"	"12111072"	"11.946"	"12.328"	"SKEWED"	"41.1,42.1,43.1,44,45,47,51.1,55.1,56.1,57.1,58,59,65.1,69,70,71.1,72,73.1,74,75,76,77,78,79,82.3,86.1,87.1,88.9,91.1,92,92.9,94.9,101,105,115,117,131,133,135.1,136,136.9,147.1,149,163,165.1,166.1,167,177,179,180,181,192,207,221,281.1,282,283.1,323.2"	"1984,1350,3050,2078,969,506,179,340,1569,2714,757,451,843,213,169,340,658,2627,334,4648,357,976,337,292,196,764,1795,210,4530,446,465,203,215,200,386,160,158,312,4082,666,231,646,424,162,6170,1084,315,180,242,1149,249,200,527,171,786,225,157,187"
"HMDB00700"	"beta-Lactate"	"12.232"	"733.926"	"1164.338"	"404235"	"317.977"	"90.44"	"48.53"	"71.11"	"96"	"110"	"63.18"	"11570213"	"12.188"	"12.283"	"NORMAL"	"41.1,42.1,43.1,44,45.1,46,47,50.9,52,52.9,54,55.1,56.1,57.1,58.1,59.1,60,61,66,66.9,68.1,69,70.1,71.1,72.1,73.1,74.1,75.1,76,77,78,79,84,85,86.1,87.1,88.1,89,91,93,95,98,99,100,101,102,103,104,105,108.6,113,114.1,115.1,116.1,117,118,119,126.1,128,129,130.1,131,132,133,134,135,142,143.1,144,145,147.1,148.1,149,150.1,151,158,159,163.1,165,165.9,173,174,175,177,180.1,188,189.1,191.1,192.1,193.1,194,195.1,202,204.1,205.1,206.1,207,208.1,221.1,232.2,233.1,234.1,246,248.9,267.1,281.1,282,283.1,323.1,355.1"	"2192,1658,4206,3261,8192,502,1595,155,221,238,231,719,3186,3751,1259,4213,511,752,781,233,342,357,646,700,2899,78368,6767,11858,818,1157,308,291,321,453,1232,2108,187,586,673,379,253,239,221,1695,798,362,3436,368,542,548,293,446,1015,427,3005,518,621,152,2004,667,943,2810,565,3438,523,662,1896,378,358,200,55080,8731,4741,536,172,569,207,390,1084,353,158,152,226,260,276,206,247,103736,18848,9054,1064,163,193,10321,2228,790,787,165,225,2466,474,289,298,207,209,721,264,161,188,240"
"HMDB00357"	"3-hydroxybutyric acid"	"12.353"	"741.179"	"1168.194"	"69217"	"488.349"	"92.66"	"51.26"	"41.28"	"71"	"81"	"53.82"	"15060789"	"12.162"	"12.544"	"SKEWED"	"41.1,42.1,43.1,44,45,47,53,55.1,56.1,57.1,58,59,63,65,65.9,66.9,69.1,70.1,71.1,72.1,73.1,74,75.1,76,77,78,79.1,81,86.1,87.1,88,89,91.1,92,93,95,100,101,103,103.9,115,116.1,117,119,120,121,128,131,133,134,135.1,137,145,147.1,148.1,149,151.1,160.1,161,165,168,170,172.1,177,188,189.1,191.1,192.1,193,194.1,203,204,207,221.1,242,242.9,249.1,276.1,277.1,278.1,281.1"	"1977,1387,3197,2022,1255,588,196,476,1877,2807,779,756,153,152,190,199,229,198,317,978,10665,1010,5103,472,1530,328,255,183,822,1838,170,151,309,152,406,209,367,265,312,156,466,316,542,263,259,163,256,396,1273,218,273,249,157,3949,591,452,215,578,311,225,168,230,184,280,278,193,4385,2350,701,224,219,501,608,237,1108,260,159,604,165,203,531"
"HMDB00407"	"2-Hydroxyisovaleric Acid"	"12.779"	"766.754"	"1181.496"	"133852"	"257.852"	"98.69"	"33.88"	"42.46"	"76"	"88"	"48.7"	"3917629"	"12.747"	"12.817"	"NORMAL"	"41.1,42.1,43.1,44,45,46,47,52.9,55.1,56.1,57.1,58.1,59,60,61,69,70.1,71.1,72,73.1,74,75.1,76,77.1,78,79,84,86.1,87.1,89.1,91,93.1,94.9,98,100,101.1,102.1,102.9,114.1,115.1,116.1,117,118,128.1,130,131.1,133,144.1,145.1,146.1,147.1,148,149.1,158.1,159.1,160,174,177,186.1,188.1,189.1,190.1,191,192,193,202.1,203.1,204.1,205,207,208.1,209.1,221.1,247,248.1,249.1,250.1,251,262.9,265,279,280,281,295.1,336.2,337.2,338.1,339.1"	"2230,1585,3221,2236,2045,178,842,192,626,2101,3073,884,1413,241,689,223,989,487,1324,19856,2064,7991,610,1040,330,196,312,1015,1520,175,258,387,165,295,838,310,925,247,2460,8366,1070,1102,179,202,387,421,553,10221,1634,2515,2814,432,427,1234,239,164,250,283,150,11300,1975,689,962,271,379,4898,847,244,165,4643,858,525,361,188,432,1585,374,340,224,276,629,195,469,168,317,1494,555,221"
"HMDB00407"	"2-Hydroxyisovaleric Acid"	"12.881"	"772.862"	"1184.607"	"57065"	"239.786"	"94.32"	"32.2"	"35.75"	"64"	"74"	"43.93"	"12416659"	"12.69"	"13.072"	"SKEWED"	"41.1,42.1,43.1,44.1,45,47,53,54,55,56.1,57.1,58.1,59,61,66,67,68.1,69,70.1,71.1,72,73.1,74.1,75.1,76,77,78,79.1,85,86.1,87.1,88,91.1,93,95,96,99.1,100,101,102,103,111.1,112,114,115,116.1,117,130,131,133,144.1,145.1,146.1,147.1,149,158.1,159.1,160.1,165,170.1,177,179,180.1,187.1,188,189,191,202.1,207,208,214,221,249.1,280.9"	"2155,1509,3088,2204,1087,720,161,180,477,2046,3022,840,524,290,153,176,197,376,761,352,1096,5888,702,5894,514,1150,258,212,226,943,1712,173,183,442,226,157,170,357,311,592,187,930,154,250,716,1170,309,670,283,243,1345,322,268,930,298,511,1569,256,439,150,171,161,504,188,769,261,312,322,631,173,370,231,210,202"
"HMDB00691"	"Malonic acid"	"13.829"	"829.739"	"1217.81"	"52605"	"200.744"	"97.91"	"28.56"	"39.22"	"60"	"65"	"45.21"	"11445717"	"13.638"	"14.02"	"SKEWED"	"41.1,42.1,43.1,44,45,47,51,55,56.1,57.1,58.1,59,60.9,62.9,67,69,70,71,72.1,73.1,74,75.1,76,77,78,79,81.1,86,87.1,91,93,95.1,99.9,101.1,103.1,104,105,115,117,119,120.1,129,133,142,143,147.1,148,149,170,172,177,188,189,191,192,192.9,207,221.1,234.1,281,284.1,285,299.1,300.1,314"	"1764,1053,2622,1836,1133,547,155,430,1491,2451,685,507,204,169,180,352,292,415,807,7405,603,4968,370,1597,414,229,215,717,1523,260,401,156,239,261,3071,408,264,258,189,1315,285,259,342,497,218,1181,164,305,449,235,252,191,156,1344,553,198,406,224,196,179,822,219,1177,215,546"
"HMDB00754"	"3-Hydroxyisovaleric acid"	"14.033"	"841.954"	"1226.007"	"286429"	"333.982"	"92.02"	"46.33"	"76.79"	"86"	"117"	"66.82"	"7622375"	"13.988"	"14.071"	"NORMAL"	"41.1,42.1,43.1,44,45.1,46,47,53,54,55.1,56.1,57.1,58.1,59,60,61,67,69.1,70,71.1,72.1,73.1,74.1,75.1,76,77,77.9,79.1,84,85,86,87.1,88,89,91,93,95,98,99.1,100,101.1,102.1,103,104,105.1,112,114,115,116.1,117,118.1,119,120,128.1,130.1,131.1,132.1,133,142.1,144.1,145.1,146.1,147,147.9,149,151,156,158.1,159.1,160,161.1,168.1,169.1,170,172,174.1,175.1,176.1,177,186,188.1,189,191,192.1,193,202.1,203.2,204.1,205,206.1,207,208,209.1,216.1,217.2,218.1,219,221.1,222.1,223.1,224.1,225.1,226.1,227,232,248.1,249,250.1,252.1,253,281.1,294.9,318,336.1,337.1,338.2,390.1"	"3590,1879,3687,3070,3811,358,1621,242,227,999,2823,5167,2097,3131,469,1197,168,251,862,737,2989,57744,4979,10599,896,1948,300,173,368,248,2349,2182,287,269,329,398,284,302,179,2183,599,1073,455,151,162,152,303,348,1940,2769,409,309,172,710,34888,4997,1496,703,151,839,258,1276,1305,257,264,512,280,3898,887,1224,212,1215,164,257,480,26864,3545,1245,340,199,437,486,605,327,291,21368,3346,942,882,223,1421,321,444,175,6169,1121,283,8228,1774,1062,587,4634,861,559,243,2690,695,345,456,154,229,180,197,1001,279,249,393"
"HMDB00202"	"Methylmalonic acid"	"14.115"	"846.916"	"1229.302"	"286670"	"337.176"	"98.63"	"37.34"	"70.67"	"147"	"157"	"65.18"	"8125849"	"14.077"	"14.153"	"NORMAL"	"41.1,42.1,43.1,44.1,45,46,47,49,51,52.1,53,55,56.1,57.1,58,59,60,61,63,66.1,67,68,69,70,71.1,72.1,73.1,74.1,75.1,76,77.1,78,79.1,81,84,85,86.1,87.1,88,89,91,91.9,93,95,96,97,98.1,99,100,101,102,103.1,104.1,105,106.1,107.1,114,115.1,116.1,117,118,119,120,121,123,125,128.2,130.1,131,132,133,134,135,135.9,136.9,140.5,141.9,143,144.1,145.1,146.2,147.1,148.1,149.1,150,151,152,153,154,154.9,156,158.1,158.9,160,160.9,163.1,168,169,170,171,172.1,173.1,174.1,175,176.1,177.1,178,179.1,180.1,181,188,189,190.1,191.1,192.1,193.1,194.1,195,196,198.1,202.1,203,205.1,207.1,208,209.1,217.1,218.1,219.1,221.1,222.1,223.1,224,225,226,228.1,229,242,243.1,244.1,245,246.2,248,250.1,262.1,263.1,266.1,267.1,268,281.1,292.1,316.1,317.1,318.1,346.1,360.1,361.1"	"1869,1264,3361,2611,3584,264,870,229,209,243,210,678,1771,2812,1547,1647,191,453,249,647,270,223,559,483,562,2613,52904,4837,8012,674,5237,629,434,456,314,193,939,1889,445,434,275,150,568,237,196,325,176,162,3047,540,449,9566,1364,709,364,452,278,933,612,1312,341,664,643,274,160,300,188,2734,2891,714,3074,1000,1066,175,539,248,155,252,4850,641,745,32736,5233,3195,627,8753,2125,1213,204,304,202,2179,421,518,247,156,2790,400,690,150,200,192,10803,1855,1079,4001,1375,538,1009,455,569,466,157,688,11459,2265,1057,931,280,987,1462,218,410,513,150,162,420,1093,327,4377,1042,686,1181,518,201,1109,168,1881,6436,1757,685,175,165,223,935,276,2047,635,270,231,193,2169,624,263,194,458,239"
"HMDB01870"	"Benzoic acid"	"14.65"	"878.981"	"1250.145"	"50037"	"363.621"	"98.53"	"45.71"	"37.04"	"60"	"61"	"49.13"	"10887451"	"14.459"	"14.841"	"SKEWED"	"41.1,42.1,43.1,44,45,47,52,52.9,55.1,56,57.1,58.1,59.1,61,66,67,69,70,71,72,73.1,74.1,75,76,77,78.1,79,85.1,86.1,87.1,91,92.9,95,99,100,101,103,114,115,116,117,118.1,130,131,132,133.1,146.1,147.1,148.1,149.1,171,172.2,173.1,177,189.1,190.1,191,192,203.9,207.1,221"	"1528,986,2665,1949,957,456,170,157,391,1524,2387,649,454,184,547,191,313,245,430,705,2565,700,4641,468,863,400,436,173,642,1774,222,393,198,935,691,326,206,188,313,153,226,154,381,371,191,289,420,5840,936,591,1554,382,374,166,3279,438,437,150,174,320,154"
"HMDB01870"	"Benzoic acid"	"14.707"	"882.417"	"1252.333"	"55873"	"476.017"	"98.56"	"46.39"	"40.12"	"65"	"66"	"54.05"	"12156764"	"14.516"	"14.898"	"SKEWED"	"41.1,42.1,43,44,45,47,49.9,51,53,55,56.1,57.1,58,59,61,65.9,69,70,71.1,72,73.1,74.1,75.1,76.1,77,78,78.9,80.9,86.1,87.1,91,93,94.9,99.1,100,101,105,106,115,116.1,117,119.9,130.1,131,132.9,135.1,136.1,147.1,148,149.1,171.1,172,173,176.9,179.1,180.1,180.9,189.1,190.1,191,192.9,194.1,207,221,281.1,282.1"	"1523,1193,2750,1923,948,533,153,456,166,401,1360,2308,681,363,170,241,354,239,381,643,2551,422,4525,553,2817,486,275,166,625,1397,273,389,165,394,391,216,3312,305,320,173,213,158,159,210,188,2796,385,2676,419,390,744,291,162,160,5278,982,258,1146,214,254,242,581,453,176,569,197"
"HMDB00622"	"Ethylmalonic acid"	"15.719"	"943.111"	"1289.641"	"97810"	"81.248"	"96.77"	"22.68"	"32.09"	"69"	"81"	"37.84"	"2059895"	"15.687"	"15.731"	"NORMAL"	"41,42.1,43.1,44.1,45,47,55.1,56.1,57.1,58,59,61.1,69,70.1,71,72,73.1,74,75.1,76.1,77,78,79,83,85,86.1,87,93,94.9,101.1,103,105,115,117,119,121,131,133,134,135,136.9,145.1,147.1,148,149,151,162.9,177.1,179,180.9,189,191,192,193,193.9,194.9,205,207,208,209,211,212.1,221.1,225.1,227,253,266.9,268.9,281,283.1,284.1,285,298.1,299.1,300.1,301.1,302.1,303.1,314.1,315.2,316.1"	"1507,1012,2102,1884,1522,627,432,1097,2006,516,548,228,315,217,372,617,8372,706,4751,407,967,358,211,160,258,508,1185,431,173,155,326,250,351,429,272,204,560,1531,234,483,169,161,1464,238,328,253,184,294,198,237,327,1253,375,1107,185,208,336,1895,373,316,955,160,344,665,180,183,162,170,228,1528,335,257,249,26800,6528,3414,499,199,4771,1265,689"
"HMDB00622"	"Ethylmalonic acid"	"15.769"	"946.164"	"1291.453"	"64533"	"186.881"	"99.11"	"25.07"	"33.95"	"73"	"76"	"42.41"	"14040993"	"15.579"	"15.96"	"SKEWED"	"41.1,42.1,43.1,44,45,47,55.1,56.1,57.1,58,59,61,67,69,70.1,71,72,73.1,74,75.1,76,77,78,78.9,81.1,83,85.1,86.1,87.1,88.9,91,93,95,101,103,104,105,114.9,115.9,117,118,119,129,131,133,134,135,147.1,148,149,177,189,191.1,192,193.1,204.1,205.1,206.1,207,208,209,211,217.1,218.1,219.1,221.1,225,253,283.1,299.1,300.1,301.1,302.1,314.1,315.1,316"	"1431,906,2314,1790,1193,414,519,1121,2451,533,465,176,189,307,213,371,556,5920,692,4707,363,740,314,212,182,336,191,585,1164,164,175,317,166,203,843,156,150,241,213,1044,187,211,371,419,988,179,333,2880,457,462,240,197,596,287,416,216,1350,290,799,171,161,324,159,683,153,200,221,187,645,10064,2373,1433,239,1852,479,245"
"HMDB01895"	"2-Hydroxybenzoic acid(salicylic acid) (1TMS)"	"17.163"	"1029.76"	"1351"	"65333"	"332.004"	"96.3"	"45.78"	"37.79"	"65"	"87"	"48.12"	"14213194"	"16.972"	"17.354"	"SKEWED"	"41.1,42.1,43.1,44,45,47,55,56.1,57.1,58,59,60.9,67,68.9,70,71.1,72.1,73.1,74,75.1,76,77,78.1,79,83.1,85.1,86.1,87.1,91.1,92.9,95,100,101,102,103,115,116,117,118.9,128,131.1,132.9,147.1,147.9,149,163,168,170,176.8,188,189,191,192.1,193.1,205,207.1,208,209,210.9,221.1,225,226.2,229,233.9,249,252.1,253.1,265,265.9,281.1,282.1,283,295.2,299,306.1,322,323.1,369.1,392.2,393.2,394.2,410.3,411.2,412.2,413.1,464.2,465.2"	"1178,812,1845,1873,1117,419,411,1179,1898,497,472,161,189,283,243,479,573,11384,1019,4710,386,1179,346,168,205,252,557,1087,193,404,214,264,267,168,282,261,241,381,195,152,184,293,1740,254,292,151,360,180,261,152,256,563,215,335,156,6749,1392,984,329,214,730,154,344,201,415,442,225,240,153,991,298,303,193,242,352,548,212,227,607,209,194,2366,1015,687,188,597,151"
"HMDB00661"	"Glutaric acid"	"18.766"	"1125.96"	"1420.514"	"50730"	"345.45"	"92.4"	"38.08"	"27.64"	"55"	"56"	"42.66"	"11041131"	"18.575"	"18.957"	"SKEWED"	"41.1,42.1,43.1,44,45.1,47,55,56.1,57.1,58.1,59,61,69,70.1,71,72.1,73.1,74.1,75,76.1,77,78,79.1,85.1,86.1,87,91.1,93,95,99,100,101,103,115.1,116.1,117.1,118.1,119,129,130.1,131.1,132,133,147,149,175.1,177,189.1,191,207,221,222.1,233.1,253,266.9,281"	"1513,715,1556,2009,1326,493,370,859,1572,691,645,195,218,214,302,936,9281,733,5014,418,728,266,189,211,360,1101,169,307,162,210,179,289,187,404,195,4485,580,285,164,1017,4179,520,363,846,252,869,272,250,181,344,561,165,590,274,183,308"
"HMDB00764"	"Benzenepropanoic acid"	"18.849"	"1130.92"	"1424.503"	"52314"	"281.748"	"98.94"	"19.23"	"28.42"	"54"	"56"	"42.45"	"11380911"	"18.658"	"19.039"	"SKEWED"	"41.1,42.1,43,44.1,45.1,47,53,55.1,56,57.1,58,59.1,60.9,67,69.1,70,71.1,72.1,73.1,74,75.1,76,77,78,79,85.1,86.1,87.1,89,91.1,93,95,99.1,100.1,101,103,115,116,117.1,118.1,119,130.1,131.1,132.1,133.1,147,149,175.1,176.1,177,189,191,207,221.1,233.2,252.9"	"1585,841,1712,1932,1464,595,161,309,900,1476,669,623,225,187,232,214,400,838,10159,702,4982,388,720,216,157,229,369,1143,205,186,415,158,199,173,388,191,387,205,4900,548,274,1143,4611,641,345,645,200,936,168,203,200,198,382,202,538,218"
"HMDB00764"	"Benzenepropanoic acid"	"18.906"	"1134.35"	"1427.251"	"64134"	"257.762"	"95.74"	"18.55"	"28.95"	"55"	"59"	"41.35"	"13958444"	"18.715"	"19.097"	"SKEWED"	"41.1,42,43.1,44,45,47,55,56,57.1,58.1,59,61,67,69,70,71.1,72.1,73.1,74.1,75,76,77,78,79.1,85,86,87.1,87.9,89.1,91.1,93,94.9,99,100,101,102,103.1,115,116.1,117.1,118.1,118.9,130.1,131.1,132,133,144,147.1,149,175.1,176.1,177,189.1,207,221.1,233.2,234.2,253.1,330.2"	"1850,925,1695,1991,1910,604,377,796,1560,628,676,242,216,263,216,370,1020,13556,991,5459,458,834,204,168,240,416,1310,158,226,243,417,249,307,158,421,209,224,484,215,7064,834,309,1292,6247,684,418,243,671,247,1006,235,251,323,308,246,847,214,227,154"
"HMDB00764"	"Benzenepropanoic acid"	"18.995"	"1139.7"	"1431.52"	"59047"	"263.425"	"90.78"	"24.54"	"30"	"57"	"59"	"41.06"	"12845675"	"18.804"	"19.186"	"SKEWED"	"41.1,42.1,43,44.1,45,47,55.1,56.1,57.1,58,59,61,67,69,70,71.1,72.1,73.1,74.1,75,76,77,78,79.1,81,85.1,86.1,87,88,89,91.1,93,95.1,99,100,101,102.9,105,115.1,116,117.1,118,119,130.1,131.1,132.1,133,147,175.1,176.3,177.1,189.1,191.1,207,221.2,233.2,234.1,253,281.1"	"1649,764,1572,2064,1663,561,351,837,1668,625,803,257,196,255,255,370,904,11651,918,5258,480,793,238,187,161,209,387,1179,168,184,176,383,183,303,164,395,224,156,505,215,6454,621,371,1195,5511,825,560,541,1077,183,216,265,151,362,180,598,154,272,172"
"HMDB00156 "	"L-Malic acid"	"20.509"	"1230.55"	"1501.328"	"49374"	"229.293"	"93.71"	"22.89"	"30.87"	"71"	"77"	"41.06"	"10741314"	"20.318"	"20.7"	"SKEWED"	"41.1,42.1,43.1,44.1,45,47,54.1,55.1,56.1,57.1,58,59,67,68,69.1,70.1,71.1,72.1,73.1,74,75,76.1,77,78.1,79.1,81,82,83.1,84.1,85.1,86.1,87,91,93,95.1,96,97,98.2,99.1,104.9,111,112,113.1,114.9,117,126,127.1,131.1,133.1,135,140.2,141.1,147,148.1,149,155.1,163.1,177.1,191.1,207,208,212.2,221,222,252.9,281.1,282,283,327,328,341,399,415.1,416,503.2,504.1,505.3"	"1617,581,3036,2032,597,449,174,745,999,4048,675,307,355,174,841,587,2584,583,2741,260,4300,310,679,255,217,181,216,471,537,1728,525,552,233,370,232,196,386,262,623,186,289,257,365,227,256,278,194,161,543,174,184,249,1262,211,275,191,261,221,183,725,159,323,321,202,241,1772,455,398,640,235,462,207,439,188,500,247,202"
"HMDB00267"	"Pyroglutamic acid "	"21.183"	"1271.01"	"1536.304"	"57218"	"220.401"	"97.18"	"24.18"	"27.54"	"65"	"69"	"39.82"	"12447776"	"20.993"	"21.374"	"SKEWED"	"41.1,42.1,43.1,44,45,47,53.1,54.1,55,56.1,57.1,58,58.9,67,68.1,69.1,70.1,71.1,72.1,73.1,74.1,75,76,77,78,79,81.1,82.1,83.1,84.1,85.1,86,87,91,93,95,96,97,98,99.1,105.1,109,110,111.1,112.1,113,115,117,125.2,126.1,127.2,133.1,135,139.1,141,147.1,149,153.2,154.2,155.1,156,157,163.1,177,191.1,196.1,207.1,253.1,258"	"1656,648,3324,2123,566,465,264,181,1932,1129,4011,630,270,469,408,3752,1467,3033,535,1488,195,4455,413,594,299,236,447,378,2044,1084,1825,347,491,249,343,448,252,1105,226,500,160,244,331,2067,1165,304,181,211,835,475,495,267,157,173,175,688,240,517,226,180,1672,255,159,290,277,276,429,290,168"
"HMDB00555"	"3-Methyladipic acid"	"21.324"	"1279.41"	"1543.426"	"79292"	"310.393"	"95.8"	"23.53"	"32.08"	"77"	"79"	"44.51"	"17249975"	"21.133"	"21.514"	"SKEWED"	"41.1,42,43.1,44,45,47,53,55.1,56.1,57.1,58,59,67.1,68.1,69.1,70.1,71.1,72.1,73.1,73.9,75.1,76,77,78,79.1,81.1,82.1,83.1,84.1,85.1,86.1,87,91.1,93.1,95,96,97.1,98.1,99.1,100.1,101.1,103,105,109.1,110.1,111.1,112.1,113.1,114.2,115.1,117.1,119,123,125.1,126.1,127.1,128,129,132.9,135,141.2,147,149.1,153.1,154.2,155.1,156.1,157.2,168.2,169.2,170.1,177,185,191.1,196.3,197.1,207,253,254.1"	"2310,890,5670,2200,589,401,269,2151,1587,7502,629,204,482,405,3200,2155,7084,2138,1378,173,4130,285,593,281,290,414,426,1606,1741,5099,977,451,273,309,470,200,882,384,1958,999,157,156,216,240,306,1704,1039,1467,291,164,171,159,164,802,618,1063,256,156,188,203,400,572,236,379,242,700,459,241,228,749,165,219,326,274,177,219,398,381,182"
"HMDB00930"	"(E)-Cinnamic acid (1TMS)"	"21.521"	"1291.24"	"1553.377"	"230346"	"43.422"	"99.17"	"5.46"	"61.62"	"122"	"135"	"51.94"	"7041087"	"21.483"	"21.565"	"NORMAL"	"41.1,42.1,43.1,44,45,47,50.9,53.1,54,55.1,56.1,57.1,58.1,59,61,65,67,68.1,69.1,70.1,71.1,72.1,73.1,74.1,75.1,76,77,78,79.1,80,81,82.1,83.1,84.1,85.1,86.1,87.1,88.1,91.1,92,93,94.1,95.1,96,97.1,98.1,99.1,100.1,103,105,107.1,109,110,111.1,112.1,113.1,114,115,116.1,117,119,121,123,124.1,125.1,126.1,127.1,128,129.1,130,131.1,132,132.9,135,139.1,140.1,141.1,142.2,143,144.9,147,148,149.1,151.1,152,153.1,154,155.1,156.1,157.1,159,161.1,163.1,165.1,168.2,169.2,175.1,176,177,177.9,179.1,185.1,189,190.1,191,192.1,193,196.2,197.2,203,205.1,206.1,207.1,208,209,217.1,219.1,221.1,233.1,235.2,247.2,248.1,249,252.9,254,261.2,263.2,264.2,265.2,266.2,267,278.3,279.2,280.2,281.1"	"3844,947,4975,2500,1897,537,176,428,157,2855,1598,10768,874,599,272,257,795,467,3888,2145,5173,2611,15039,1468,5356,417,1058,332,422,181,936,829,2714,1637,3498,770,657,250,1063,178,451,241,727,254,1373,479,1194,1008,331,491,343,373,408,2038,1173,797,255,778,276,581,364,223,152,646,902,700,874,834,503,180,480,171,430,487,164,210,444,243,279,247,914,160,537,668,176,450,332,414,226,338,197,283,489,367,304,340,1286,332,571,156,507,466,351,166,1052,217,230,202,175,196,577,267,1533,288,211,214,261,395,385,414,1156,306,169,353,191,203,68896,15469,3910,439,161,11881,2868,658,295"
"HMDB02432"	"Sumiki's acid"	"21.743"	"1304.6"	"1564.506"	"66819"	"216.776"	"96.98"	"-4.33"	"34.09"	"75"	"80"	"42.94"	"14536473"	"21.553"	"21.934"	"SKEWED"	"41.1,42.1,43.1,44,44.9,47,53.1,55.1,56,57.1,58.1,59,67.1,68.1,69.1,70.1,71.1,72.1,73,74,75,76,77,78.1,79,81,82.1,83.1,84.1,85.1,86.1,87,91,93,95,96.1,97.1,98,99.1,100.1,109.1,110.1,111.1,112.1,113.1,114.1,114.9,117,119,123.1,124.2,125.1,126.1,127.1,128,133.1,135,139.1,140.1,141,147.1,149,153.1,154.1,155.1,156.1,167.2,168.1,169.1,170.1,177,182.3,183.2,191.1,193,196.2,207,253,263.1,281"	"2141,843,4276,2326,558,419,239,2231,1388,5605,502,210,522,432,3723,1672,4789,1180,991,219,3788,329,698,192,301,382,417,1917,1432,2986,540,463,278,385,519,241,1308,266,1097,443,289,444,1895,1268,800,185,158,227,167,170,158,695,514,882,221,194,199,165,163,376,434,196,513,268,335,180,216,213,255,154,215,170,317,235,166,257,340,458,246,190"
"HMDB00669"	"o-Hydroxyphenylacetic acid "	"21.909"	"1314.53"	"1572.704"	"50179"	"173.243"	"91.69"	"6.69"	"29.22"	"71"	"72"	"38.14"	"10916441"	"21.718"	"22.1"	"SKEWED"	"41.1,42.1,43.1,44,45,47,53,55.1,56.1,57.1,58,58.9,67.1,68.1,69,70.1,71.1,72.1,73,74.1,75,76,77,77.9,79.1,81,82.1,83.1,84.1,85.1,86.1,87,91,93,95,96,97,98.1,99.1,100.1,103,109,110,111.1,112,113.1,114.1,115.1,117.1,125,126,127.1,131,133,135,141.1,147,149.1,153.1,155.2,156.1,168.2,169.1,177,183.1,191.1,196.1,197.2,207,211.1,243.1,253"	"1672,623,3148,2191,512,448,172,1162,1664,4768,564,159,351,155,1112,1042,3973,876,1092,190,4376,354,651,225,239,389,239,595,634,2836,493,362,246,374,400,245,519,225,1106,326,182,206,151,491,314,963,154,168,161,253,255,622,188,181,210,492,434,257,188,314,168,220,377,225,162,190,271,536,325,169,269,337"
"HMDB00694"	"2-Hydroxyglutaric Acid"	"22.469"	"1348.12"	"1599.984"	"65885"	"322.862"	"92.35"	"27.67"	"29.36"	"69"	"73"	"42.84"	"14333282"	"22.278"	"22.659"	"SKEWED"	"41.1,42.1,43.1,44.1,45,47,53,54,55.1,56.1,57.1,58.1,59,67,68.1,69.1,70.1,71.1,72.1,73,75.1,75.9,77,78,79,81,82.1,83.1,84.1,85.1,86,87.1,91,93,95,96,97.1,98.1,99.1,100,104.9,109.1,110.1,111.1,112.1,113.1,115,119,125.1,126.1,127.1,128.1,129,133.1,135,140.1,141.1,147.1,149,154,155.1,159,165.1,168.1,169.2,177,183.1,191,197.2,207,226.2,253,331.1"	"2694,835,5307,2052,595,383,169,243,1945,1612,7965,970,188,496,250,1228,1016,6811,815,910,4161,400,630,300,240,472,391,1065,904,3886,494,353,272,384,463,375,1350,664,1298,637,180,219,270,579,540,863,155,178,308,450,647,169,183,187,218,295,437,498,273,302,460,166,159,269,236,248,226,218,150,401,585,392,168"
"HMDB00020"	"p-Hydroxyphenylacetic acid"	"23.429"	"1405.76"	"1652.51"	"55250"	"263.601"	"98.98"	"6.08"	"33.72"	"87"	"95"	"44.56"	"12019638"	"23.238"	"23.62"	"SKEWED"	"41,42,43.1,44,45,47,55.1,56.1,57.1,58.1,59,60,61,67.1,68,69.1,70.1,71.1,72.1,73,74,75.1,76,77,78.1,79,81,82,83,84,85.1,86.1,87.1,91.1,93,95,96.1,97.1,98,99.1,100.1,101.9,103,105.1,109.1,110.2,111.1,112.1,113.1,115,117.1,118.9,121,123.1,125,126,127.1,128.1,131,133.1,135,137.1,138,140.1,141.1,147,148.1,149,154.1,163,168.1,169.1,177,179,182,183.1,191,193,207,208.2,221.1,235.1,249,251,253,254,266.2,281.1,323.2,324.2,325.2,327,338.3,339.2,340.2"	"1331,426,2074,2234,682,388,1051,1041,3329,443,275,172,167,438,167,861,666,2041,349,3039,420,4164,295,603,229,246,548,268,509,437,1559,277,353,271,462,561,386,688,497,669,240,153,152,268,325,179,401,261,436,275,193,220,185,202,227,179,343,183,173,321,270,192,152,167,259,515,156,357,177,179,150,276,380,230,185,245,263,313,494,187,157,467,183,216,512,183,204,185,2243,626,221,197,3626,999,506"
"HMDB00893"	"Suberic acid"	"24.339"	"1460.35"	"1700.351"	"46037"	"388.01"	"92.7"	"33.8"	"27.94"	"69"	"71"	"44.15"	"10019723"	"24.148"	"24.53"	"SKEWED"	"41.1,42,43.1,44.1,45,47,53,54,55.1,56.1,57.1,58.1,59,67,68.1,69.1,70.1,71.1,72,73,75,76,77,78.1,79.1,81,82,83.1,84,85.1,86.1,87,91,93,95,96,97.1,98.1,99.1,100,105,109.1,111.1,112,113.1,115,118.9,121,123.2,125.1,126.1,127.1,133,135,140,141.1,147.1,149.1,153,154,155.1,156.1,168.2,169.1,177,183,191,193.1,207,240.2,253"	"1531,560,2954,2356,443,408,166,162,1293,994,4455,418,174,391,186,1228,849,3339,454,755,4177,313,652,275,179,519,404,930,493,2368,261,239,219,341,491,253,769,380,1002,197,216,256,562,408,634,190,164,155,172,331,322,475,216,263,237,279,488,233,191,160,324,168,151,217,235,153,178,165,434,200,247"
"HMDB00893"	"Suberic acid"	"24.416"	"1464.93"	"1704.814"	"60547"	"295.559"	"97.08"	"24.97"	"31.98"	"79"	"80"	"44.27"	"13177752"	"24.224"	"24.606"	"SKEWED"	"41.1,42,43.1,44,45,46.9,53.1,55.1,56.1,57.1,58.1,58.9,65,67,68.1,69.1,70.1,71.1,72.1,73.1,75,76,77,78,79,81,82,83,84.2,85.1,86.1,87,91.1,93,95.1,96,97.1,98,99.1,100.1,105,109.1,110.1,111.1,112.1,113.1,114.1,115.1,117,119,123.1,125.2,126.1,127.1,128.1,129.1,133,135.1,137,140.1,141,147,149.2,153.1,154.1,155.1,156.1,163,165.2,169,169.3,177,182.1,183.2,191,197.1,207.1,208.1,221,253"	"1667,556,3885,2340,488,362,175,1579,1124,6352,506,182,168,373,310,1744,1196,5888,487,678,3616,217,628,258,244,485,320,1101,877,3629,363,258,332,332,557,462,1172,349,1672,283,257,293,344,931,838,1591,174,172,196,158,181,303,341,865,207,152,218,232,181,172,421,425,215,200,325,645,276,185,166,162,166,291,165,361,174,274,521,152,153,208"
"HMDB00893"	"Suberic acid"	"24.536"	"1472.18"	"1711.85"	"52508"	"362.842"	"96.06"	"35.07"	"28.74"	"71"	"71"	"44.47"	"11423115"	"24.346"	"24.727"	"SKEWED"	"41.1,42,43.1,44,45,47,53,55.1,56.1,57.1,58,59,67,68.1,69.1,70.1,71.1,72.1,73.1,75.1,76,77.1,78,79,81,82.1,83.1,84.1,85.1,86.1,87,91,93,95.1,96,97,98.1,99.1,100,105.1,109.1,110.1,111.1,112.1,113.1,115,119,123.1,125.1,126.2,127.1,128,133.1,135,139.3,141,147.1,149.1,153.1,154,155.1,156,163,168.2,169.2,177,183.2,191.1,193.1,197.1,207"	"1458,484,3042,2646,532,399,201,1339,938,4692,436,197,447,245,1773,997,4565,425,792,3692,311,665,219,273,524,324,980,811,3229,261,266,273,401,564,367,877,329,1364,194,188,327,271,1115,499,1147,183,177,218,484,352,755,196,183,232,174,364,418,307,191,262,489,191,178,155,367,296,154,210,166,261,432"
"HMDB00375"	"3-(3-Hydroxyphenyl)propanoic acid"	"25.058"	"1503.48"	"1741.834"	"56704"	"223.313"	"99.3"	"-8.97"	"23.6"	"63"	"68"	"38.36"	"12335955"	"24.867"	"25.249"	"SKEWED"	"41.1,42.1,43.1,44,45,47.1,53,54,55.1,56.1,57.1,58.1,59,67,68,69.1,70.1,71.1,72.1,73.1,75.1,76.1,77,78,79,81.1,82.1,83.1,84.1,85.1,86,87,91,92.9,95.1,96.1,97.1,98,99.1,100.1,105,109.1,110.1,111.1,112.1,113.1,117,123,125.1,126.1,127.1,128.1,132.9,134.9,137,139.1,141.1,147,149,153.2,154.1,155.1,163,168,177,191,197.2,207.1"	"1820,449,2827,2500,495,436,188,165,1919,816,3534,376,179,558,298,4314,1402,3015,427,684,3474,314,639,275,269,500,611,2427,1334,2428,285,236,272,374,670,286,1495,298,849,160,242,439,486,2329,995,472,175,221,1262,655,423,180,214,284,173,376,254,493,220,870,535,185,152,154,317,310,203,455"
"HMDB00232"	"Quinolinic acid"	"25.224"	"1513.41"	"1751.216"	"74100"	"174.841"	"92.81"	"-4.21"	"36.32"	"81"	"84"	"41.97"	"16127494"	"25.033"	"25.414"	"SKEWED"	"41.1,42,43.1,44,45,47,53.1,54,55.1,56.1,57.1,58.1,59,67,68,69.1,70,71.1,72.1,73,75,76,77,78,79,81,82.1,83.1,84.1,85.1,86.1,87,91.1,93.1,95,96.1,97.1,98.1,99.1,100,105,107.1,109.1,110.1,111.1,112.2,113.1,115,117,121.1,123.1,124,125.1,126.2,127.1,131,133,135,137.1,139.1,140.1,141.2,147,149.1,151.1,153.1,154.2,155.1,156,167.1,168.1,169,177,179,191,193.1,195.1,197.1,207,208,221.1,222.1,238.2,327.1"	"2079,562,3642,2574,510,401,207,184,2639,937,4937,365,153,565,438,5470,1666,4510,427,962,3433,358,570,255,292,666,624,3184,1674,3302,291,201,334,488,867,369,1809,377,989,150,172,177,524,637,3221,1449,751,151,156,239,318,240,1703,592,715,161,251,403,214,406,152,256,455,225,188,1065,759,294,176,261,167,210,268,281,270,566,177,159,719,182,801,173,162,155"
"HMDB00958"	"trans-Aconitic acid (3TMS)"	"25.363"	"1521.8"	"1759.095"	"103974"	"162.642"	"91.65"	"19.32"	"29.78"	"95"	"96"	"38.1"	"22619544"	"25.172"	"25.554"	"SKEWED"	"41.1,42.1,43.1,44,45,47,53,54,55.1,56.1,57.1,58.1,59,64.9,67.2,68,69.1,70.1,71.1,72.1,73,75,76,77,77.9,79.1,81,82,83.1,84.1,85.1,86.1,87,91.1,93,94,95.1,96.1,97.1,98,99.1,100.1,102.9,105,107.1,109.1,110.1,111.1,112.1,113.1,115.1,117.1,119,121,123,124.1,125.1,126.1,127.1,128,131.1,133,135,137,139.2,140.2,141.2,147.1,149,151.2,152.1,153.1,154.1,155.1,163,167.1,168.1,169.1,177.1,179,183.1,191,193.1,195.1,196.3,197.1,207.1,208.1,211.1,221.1,222.1,238.2,253.2,281.1,327,405"	"2727,712,5574,2519,545,382,285,200,3566,1252,7991,444,170,155,784,570,8030,2464,7076,606,985,3481,268,593,248,323,636,845,4275,2720,5649,410,190,313,453,156,899,298,2683,522,1999,260,166,213,173,624,912,4544,2121,1268,181,249,228,208,304,235,2193,922,1085,197,189,286,361,173,568,281,563,431,276,211,237,1594,1052,545,161,284,346,475,386,300,214,304,543,176,183,182,1116,213,171,837,158,239,262,158,214,162"
"HMDB00958"	"trans-Aconitic acid (3TMS)"	"25.478"	"1528.68"	"1765.524"	"70702"	"173.663"	"97.75"	"11.23"	"26.02"	"83"	"83"	"37.77"	"15387937"	"25.287"	"25.669"	"SKEWED"	"41.1,42,43.1,44,45,46.9,53.1,54,55.1,56.1,57.1,58.1,59,67,68,69.1,70.1,71.1,72.1,73.1,74.1,75,76,77,78.1,79,81,82.1,83.1,84.1,85.1,86,87,91,93.1,95.1,96.1,97.1,98.1,99.1,100.1,105.1,109,110.1,111.1,112.1,113.1,115,117,119,121.1,123.1,124.1,125.1,126,127.1,128.1,133,135,137,139.1,140.1,141.1,147,149,153.2,154.2,155.2,167.1,168.1,169.1,177,179.1,183.1,191,193,197.2,207.1,211.2,235.2,238.2,281,351.3"	"1775,581,3587,2542,445,356,188,165,2223,944,5382,422,158,616,331,4265,1508,5224,427,1031,168,3759,310,594,267,264,464,621,2640,1614,3824,353,208,296,423,623,235,1349,420,1624,223,225,544,483,2445,1057,1057,175,162,151,154,260,178,1244,702,854,179,244,303,168,343,150,516,512,212,689,547,399,174,263,430,363,232,157,241,377,190,535,184,541,174,195,201"
"HMDB00958"	"trans-Aconitic acid (3TMS)"	"25.561"	"1533.64"	"1770.141"	"150556"	"127.131"	"97.9"	"13.75"	"27.9"	"89"	"91"	"37.34"	"5241040"	"25.516"	"25.592"	"NORMAL"	"41.1,42.1,43.1,44,45,47,53,54.2,55.1,56.1,57.1,58.1,59,65,67.1,68.1,69.1,70.1,71.1,72.1,73,75,76,77.1,77.9,79,81,82.1,83.1,84.1,85.1,86.1,87,91,93,95,96.1,97.1,98.1,99.1,100.1,102.9,104,105,109.1,110.1,111.1,112.2,113.1,114,114.9,123,124.2,125.2,126.1,127.2,128,133.1,135,137.1,139.1,140.1,141.1,147.1,149.1,151.1,152.1,153.2,154.2,155.2,163.1,167.2,168.1,169.2,177,179.1,191.1,193,195.1,196.2,207,210.2,211.1,217.1,221,235,238.2,249.1,253.2,271.3,294.3"	"4087,911,8342,2827,527,353,452,203,5711,1912,11165,635,168,185,1221,828,14246,4038,10483,744,1101,3662,258,613,243,404,952,1488,7574,4632,8232,692,228,334,395,1119,428,4212,798,2737,309,185,214,198,892,1466,8350,3784,1776,217,153,491,254,4300,1739,1334,233,234,324,280,943,284,679,500,213,250,254,2981,1914,535,157,453,571,514,379,179,220,250,225,208,421,168,171,284,337,168,505,184,254,235,204"
"HMDB00958"	"trans-Aconitic acid (3TMS)"	"25.618"	"1537.07"	"1773.325"	"82264"	"182.239"	"94.91"	"24.67"	"27.9"	"89"	"90"	"38.4"	"17896533"	"25.427"	"25.809"	"SKEWED"	"41.1,42.1,43.1,44,45,47,53,55.1,56.1,57.1,58.1,59.1,67,68.1,69.1,70.1,71.1,72.1,73,75,76,77,78,79,81,82.1,83.1,84.1,85.1,86.1,87,91,92.1,92.9,95.1,96,97.1,98.1,99.1,100.1,105.1,109.1,110.1,111.1,112.1,113.1,114.1,115,117,119.1,121,123,124,125.1,126.1,127.1,128.1,133,135,139.1,140.2,141.1,147,149,153.2,154,155.2,156.1,163.1,167.1,168.1,169.1,177.1,179.1,183.2,191.1,193,196.1,197.1,207.1,208.2,209.1,211.2,221.2,225.2,249.1,250.1,253.3,327,405.2"	"1862,618,4729,2785,539,339,174,2325,1252,7119,410,229,592,379,3415,1643,7501,634,890,3497,283,559,273,273,548,462,1914,1645,5883,530,190,333,156,402,672,235,1361,323,2487,293,242,383,393,1630,1011,1836,257,187,200,158,151,245,195,1072,655,1437,219,262,354,306,230,944,482,209,555,451,838,195,193,175,238,650,343,281,206,282,416,207,330,1266,282,180,318,564,283,518,166,156,154,159"
"HMDB02285"	"2-Indolecarboxylic acid  (1TMS)"	"25.713"	"1542.8"	"1778.628"	"123703"	"229.773"	"99.37"	"7.14"	"36.32"	"85"	"90"	"44.93"	"21082702"	"25.522"	"25.822"	"SKEWED"	"41.1,42.1,43.1,44,45,47.1,53,55.1,56.1,57.1,58,58.9,67.1,68,69.1,70.1,71.1,72,73,74,75,76,77,77.9,79,81.1,82.1,83.1,84.1,85.1,86.1,87,91.1,93,95.1,96.1,97.1,98.1,99.1,100,107,109,110.1,111.1,112.1,113.2,114,117,119,121,123.1,124.1,125.1,126.1,127.1,128.1,131,133,135,139.1,140.1,141.1,147,149,151.1,152,153.1,154.1,155.1,156,163,167.1,168.1,169.2,177,179,183.1,191,193,195.1,196.1,207,210.2,221.2,235.1,238.4,239.3,249.1,253.2,405.2"	"3284,720,6689,2838,440,340,319,4772,1467,9296,537,163,894,694,10402,3250,9137,606,917,184,3485,310,619,220,371,683,1048,5817,3472,6883,583,199,396,424,984,337,2958,566,2733,277,157,784,1219,6167,3164,1639,182,151,235,164,315,270,3167,1322,1418,256,164,176,298,749,250,743,437,218,162,198,2151,1375,597,156,175,284,522,518,315,278,249,228,425,187,218,579,179,172,619,377,176,180,206,171"
"HMDB02285"	"2-Indolecarboxylic acid  (1TMS)"	"25.783"	"1547"	"1782.502"	"52996"	"391.423"	"97.01"	"29.64"	"31.2"	"73"	"77"	"46.74"	"11529280"	"25.592"	"25.974"	"SKEWED"	"41,42.1,43.1,44,45,47,53,55,56.1,57.1,58,67,68,69.1,70.1,71.1,72,73,74,75,76,77,78,79,81.1,82,83.1,84.1,85.1,86,87,91.1,93.1,95,96,97.1,98,99.1,100.1,105,109,110.1,111.1,112.1,113.1,117,119,123.2,124.2,125.1,126,127.1,128,133,135,140,141.1,147,149,151,153.1,154.1,155.2,163,165.1,169.1,177,179,183.2,191,193,197.1,207,208,211.1,221.2,251"	"1392,449,2791,2527,491,385,220,1491,633,4442,424,482,213,2087,1040,4186,399,761,152,3609,307,674,271,322,419,365,1068,862,3390,342,200,310,368,571,219,803,284,1549,209,173,328,232,995,589,1045,195,186,196,155,440,344,902,205,208,254,220,569,462,195,159,261,251,557,160,162,402,332,166,215,154,182,180,504,174,190,156,151"
"HMDB00118"	"Homovanillic acid"	"25.942"	"1556.54"	"1791.264"	"87256"	"135.232"	"94.8"	"-29.8"	"31.91"	"82"	"84"	"38.97"	"18982543"	"25.752"	"26.133"	"SKEWED"	"41.1,42.1,43.1,44,45,47,53,55.1,56.1,57.1,58,59,67,68.1,69.1,70.1,71.1,72.1,73.1,74,75.1,76,77,78,79.1,81,82.1,83.1,84.1,85.1,86.1,87.1,91,92.1,93,95,96.1,97.1,98.1,99.1,100,105,107,109,110.1,111.1,112.1,113.1,114.9,117,119,121,123.1,124.2,125.1,126.1,127.1,128.1,133,134.9,139.2,140,141.1,147,148.9,151,153.1,154.1,155.1,163.1,167.1,168.2,169.2,177,178.1,179.1,191.1,193,195.1,207.1,208.2,209.2,221.1,238.3"	"2250,615,4498,2698,522,381,271,2899,1132,6093,402,150,667,472,6582,2175,5749,466,1120,156,3762,332,588,267,340,615,660,3433,2136,4284,371,191,336,199,436,751,359,2009,449,1546,234,273,151,554,704,3772,1684,1077,167,234,183,187,277,224,1770,823,907,176,193,372,442,180,423,382,197,188,1301,794,400,167,226,233,367,378,159,204,319,233,180,2799,570,210,240,300"
"HMDB00784"	"Azelaic acid, bis-TMS"	"26.139"	"1568.37"	"1802.321"	"101908"	"332.695"	"96.36"	"23.79"	"30.8"	"85"	"87"	"44.65"	"12198388"	"26.089"	"26.299"	"SKEWED"	"41.1,42,43.1,44,45,47,53,54,55.1,56.1,57.1,58.1,59,65,67,68.1,69.1,70.1,71.1,72.1,73.1,75.1,75.9,77,78,79,81.1,82.1,83.1,84.1,85.1,86.1,87,91.1,93,94,95.1,96,97.1,98.1,99.1,100,103,105,107.1,109.1,110.1,111.1,112.1,113.1,116.9,119.1,123.1,124.1,125.1,126.1,127.1,128.1,133,135,139,140,141.1,142.1,147,149,152.1,153.2,154.2,155.2,167.2,168.1,169.2,177,179,183,191,193,195.2,197.1,207.1,209.2,221.2,238.2,251.1,252.9,295.1"	"2669,782,5722,2685,532,354,314,202,3581,1313,8052,633,167,151,739,573,8293,2754,7501,436,752,3348,227,606,255,346,674,874,4694,2732,5711,400,197,319,469,167,932,307,2529,596,1858,265,188,245,152,643,1060,4809,2473,1210,222,171,248,239,2185,1041,892,163,195,309,581,256,640,154,451,207,193,1550,1015,477,234,368,307,328,175,186,198,204,175,174,461,167,222,443,153,164,226"
"HMDB01336"	"3,4-Dihydroxyphenylacetic acid"	"27.011"	"1620.67"	"1855.117"	"48175"	"286.019"	"93.71"	"26.23"	"20.45"	"63"	"66"	"37.55"	"10480471"	"26.82"	"27.202"	"SKEWED"	"41.1,42.1,43.1,44,45,47,55,56.1,57.1,58.1,59,61,67,69.1,70.1,71.1,72.1,73.1,74.1,75.1,76,77,78,79,81.1,83.1,84.1,85,87.1,91.1,92.9,95,96.1,97.1,98.1,99,103.1,105,109,111,115.9,117,118,119,125.1,127,129,130.1,131,132.1,133,135,143.1,145.1,146.1,147,159.1,177,201.1,207.1,241.2,257.1,285.2,286.2,287.2,300.2"	"988,343,1189,2922,540,449,904,516,921,251,222,216,329,804,353,553,279,3647,453,5756,504,619,266,221,402,519,216,398,154,307,417,387,163,433,201,224,166,312,231,273,204,3978,404,234,150,173,1562,290,674,2042,505,253,162,1159,165,420,151,356,396,467,259,312,4154,993,297,336"
"HMDB00423"	"3,4-dihydroxy-Phenylpropanoic acid (3TMS)  "	"28.863"	"1731.75"	"1967.4"	"65601"	"165.59"	"98.56"	"17.56"	"20.5"	"65"	"67"	"34.93"	"14271498"	"28.672"	"29.053"	"SKEWED"	"41.1,42,43.1,44,45,47,55,56,57.1,58.1,67,68.1,69.1,70.1,71.1,72.1,73,75.1,75.9,77.1,78,79,81.1,82.1,83.1,84.1,85.1,86,91,93,95,96.1,97.1,98.1,99.1,100.1,105.1,110,111.1,112.1,113.1,114.1,116.9,125.1,126.1,127.1,128.1,133,135.1,139.2,140.1,141.2,142.1,147,153,154.1,155.2,156.1,168.2,169.2,177,183.2,197.2,206.9,211.1,239.2,299.3"	"1351,544,3842,3340,413,380,1425,869,6183,414,358,261,2143,1138,7165,463,622,3245,322,556,276,215,265,244,997,1051,5704,391,251,324,340,152,654,209,2812,237,167,278,1082,847,2435,212,193,620,548,1737,243,177,302,163,163,1075,158,273,359,419,1252,164,233,848,307,317,529,524,335,154,297"
"HMDB00423"	"3,4-dihydroxy-Phenylpropanoic acid (3TMS)  "	"28.907"	"1734.42"	"1970.104"	"48938"	"177.209"	"96.27"	"-1.07"	"21.14"	"67"	"68"	"35.14"	"10651111"	"28.716"	"29.098"	"SKEWED"	"41.1,42.1,43.1,44,45,47,55.1,56.1,57.1,58,59.1,67.1,68.1,69.1,70.1,71.1,72.1,73,75,76,77.1,78,79,81,82,83.1,84.1,85.1,86,87.1,90.9,93,95.1,96,97,98.1,99.1,100.1,105,109.1,110,111.1,112.1,113.1,116.9,125,126.1,127.2,128.1,135,139.1,141.1,147.1,153.1,154.1,155.1,167,168.1,169.2,177,183.1,192.9,196.2,197.2,207,211.2,281,299.1"	"1102,294,2375,3278,387,457,1277,590,3556,244,163,297,210,2874,975,3610,344,572,3350,231,493,283,201,239,368,1429,1062,2728,265,171,215,260,368,205,751,220,1201,164,166,237,334,1533,761,1020,159,800,412,733,150,222,259,497,338,656,438,538,164,164,382,309,155,151,158,227,615,173,174,171"
"HMDB00197"	"1H-Indole-3-acetic acid (2TMS)"	"29.117"	"1747.02"	"1982.807"	"63343"	"321.684"	"94.14"	"36.75"	"35.29"	"60"	"69"	"46.13"	"13780270"	"28.926"	"29.308"	"SKEWED"	"41.1,42.1,43.1,44,45,47,55.1,56.1,57.1,58,58.9,67.1,68.1,69.1,70.1,71.1,72.1,73.1,75.1,75.9,77,78,79,81,82,83.1,84.1,85.1,86.1,91,93,95,96.1,97.1,98,99.1,100.1,109.1,110,111.1,112.1,113.1,114.1,124.1,125.1,126.1,127.2,128,133,135,139.1,141.1,147,149,150,153.2,154.1,155.2,156.1,167,168,169.1,177,183.2,193,197.2,206.9,211.3,280.9"	"1481,418,3316,3393,485,312,1535,738,5243,339,154,374,264,3074,1271,5927,458,874,3363,282,514,219,214,304,314,1437,1142,4606,305,219,324,373,214,675,247,2226,210,197,346,1642,867,1720,155,194,882,550,1193,278,176,249,211,970,511,1373,153,624,450,785,169,151,211,495,263,240,157,265,471,291,225"
"HMDB00220"	"Hexadecanoic acid (Palmitic acid)"	"30.148"	"1808.86"	"2051.812"	"463930"	"797.42"	"98.85"	"94.07"	"53.08"	"155"	"156"	"70.23"	"16972412"	"30.097"	"30.218"	"NORMAL"	"41.1,42.1,43.1,44,45.1,47,53,54,55.1,56.1,57.1,58,59,60,61,62.1,63,65,67.1,68,69.1,70.1,71.1,72.1,73.1,74.1,75.1,76.1,77.1,78,79,80.1,81.1,82,83.1,84.1,85.1,86.1,87,88,89,90,91.1,93,94,95.1,96,97.1,98.1,99,100,101,102.1,103,105.1,107,109,110.1,111.1,112.1,113.1,115,116,117,118.1,119,120,121.1,123,124.1,125.1,126.1,127.1,129.1,130,131,132.1,133.1,134.1,135.1,137.1,139,139.9,141.1,142,143.1,144.1,145.1,146.1,147,149,153.1,154.1,155.1,157,159,160,161.1,163.1,167.1,168,169.1,171.1,172.1,173.1,174.1,176,177,182.1,185.1,186,187.1,188.1,189.1,191,193,195,196.1,199.1,201.1,202.1,203.1,207,209,213.1,215,216.2,227.2,229.2,230.1,241.2,243.2,244.1,255.2,257.2,258.1,269.3,270.3,271.2,272.2,280.9,283.2,285.2,286.2,287.2,299.2,300.1,311.2,313.3,314.3,315.3,316.2,327.2,328.3,329.4,330.3"	"5622,1468,9136,3944,2093,1123,359,520,9022,2069,5919,1027,1091,341,1769,159,193,170,2346,676,5671,1430,2922,1782,40120,3884,31392,2413,2012,381,809,181,2738,645,3738,1671,2207,489,539,223,1280,235,528,910,207,2964,552,2904,2289,1417,309,571,158,260,1201,454,1158,279,1674,970,615,500,3078,55584,5175,2292,167,496,320,236,592,451,540,21144,2610,7440,32152,6279,1726,727,198,249,218,382,164,1857,245,17128,2495,1045,555,292,369,353,473,1914,361,156,188,189,247,308,1241,252,671,401,160,362,244,1893,318,1969,669,159,211,212,378,207,484,5575,1034,247,686,253,696,635,218,777,1164,285,481,1565,344,384,926,212,2848,654,792,188,185,467,3091,851,218,677,200,205,54608,13695,3734,494,397,6879,1743,455"
"HMDB00763"	"5-Hydroxyindoleacetic acid "	"32.298"	"1937.88"	"2194.668"	"53530"	"238.309"	"96.26"	"48.74"	"27.19"	"59"	"69"	"40"	"11645451"	"32.107"	"32.489"	"SKEWED"	"41,42,43.1,44,45,47,55.1,56.1,57.1,58.1,67,68,69.1,70,71.1,72.1,73,75.1,76,77,78.1,79,81.1,82.1,83.1,84,85.1,86.1,90.9,93,95.1,96,97,98,99.1,100.1,109.1,110,111.1,112.1,113.1,117,125.1,126.1,127.2,128,135,139.1,140,141.1,147,153.2,154.3,155.1,167.1,168.2,169,177,183.1,196.1,197.2,207,208,209,210.2,211.2,253,266.9,281"	"979,378,2289,4123,387,386,1353,545,3560,178,285,248,3197,982,4015,293,563,2866,285,602,167,221,211,317,1893,1030,2890,267,191,287,409,169,1079,203,1657,183,280,443,1567,1006,1204,220,952,539,869,188,222,299,190,609,295,880,402,625,187,188,436,354,207,265,298,808,192,172,158,159,181,175,237"
"HMDB00671"	"Indolelactic acid "	"32.425"	"1945.52"	"2203.346"	"66619"	"258.427"	"97.46"	"15.12"	"30.92"	"64"	"77"	"42.7"	"14492963"	"32.234"	"32.616"	"SKEWED"	"41.1,42.1,43.1,44,44.9,47,55.1,56,57.1,58.1,59,67.1,68.1,69.1,70.1,71.1,72,73,74,75,76,77,78,79,81,82,83.1,84.1,85.1,86.1,91.1,92.9,95.1,96,97.1,98.1,99.1,100.1,109,110,111.1,112.1,113.1,114,117.1,123,125.2,126.1,127.1,128.1,133.1,134.9,139.1,140.1,141.1,147,148.9,153.2,154.1,155.1,156.2,167.2,168.1,169.1,177,183.2,191,192.9,196.2,197.1,207,208,211.2,239.1,253.1,267.1,281"	"1433,434,3384,4270,405,290,1663,715,5308,324,150,318,297,3768,1159,5005,320,581,193,3076,223,447,184,209,239,492,2005,1191,4057,311,273,293,400,240,1210,313,2168,185,361,508,2113,1005,1518,179,185,164,1118,641,1380,163,167,265,373,215,941,306,172,1028,711,702,153,218,300,466,411,256,161,164,265,333,849,212,228,161,244,183,231"
"HMDB00671"	"Indolelactic acid "	"32.502"	"1950.1"	"2209.119"	"51246"	"281.314"	"93.11"	"34.88"	"27.54"	"57"	"70"	"40.83"	"11148567"	"32.311"	"32.693"	"SKEWED"	"41.1,42.1,43.1,44,45,47,55.1,56,57.1,58.1,67,68.1,69.1,70.1,71.1,72.1,73,75,76,77,78,79,81,82,83.1,84,85.1,86,91.1,93.1,95,96.1,97.1,98,99.1,100,109,110.1,111.1,112.1,113.1,117,123,124,125.1,126.1,127.1,133,135,139.1,141.1,147.1,153.1,154.1,155.1,167.1,168.2,169.1,176.9,183.2,191.1,196,197.2,207,208,209,235.1,253.1,266.9,280.9"	"1066,368,2538,3975,401,264,1288,550,3228,235,325,256,3176,872,3459,254,601,2928,256,481,221,150,301,383,1565,961,2555,235,220,337,374,271,880,264,1297,177,288,382,1681,837,947,181,151,157,1118,561,885,173,264,271,512,347,752,582,466,221,189,345,446,156,178,183,234,859,183,169,153,190,151,289"
"HMDB13678"	"4-hydroxyhippuric Acid"	"32.985"	"1979.11"	"2245.372"	"67069"	"118.971"	"98.17"	"-20.19"	"23.88"	"69"	"75"	"35.14"	"14590861"	"32.794"	"33.176"	"SKEWED"	"41.1,42.1,43.1,44,45,47,53.1,55.1,56,57.1,58,67,68,69.1,70.1,71.1,72,73,75,76,77,78,79,81,82,83.1,84.1,85.1,86,91,93,95.1,96.1,97.1,98,99.1,100,109.1,110,111.1,112.2,113.2,117,123.1,125.1,126.1,127.1,128.1,129,132,132.9,135,139.1,141.2,145.1,147,153.1,154.1,155.2,167.1,168.2,169.1,177,191,192.9,195,196.1,197.2,207.1,208.1,209.1,211.1,238.3,281,341.4"	"1203,418,2887,4235,410,289,156,1823,600,4033,310,498,296,4860,1377,4327,303,882,3196,241,496,288,215,309,463,2506,1489,3453,224,171,403,535,267,1435,342,1627,184,414,585,2608,1379,1067,535,197,1607,704,889,168,232,241,243,206,501,718,201,292,1427,763,449,297,305,465,423,161,179,177,372,239,1079,157,200,155,163,251,232"
"HMDB00827"	"Octadecanoic acid (Stearic acid)"	"33.042"	"1982.54"	"2249.623"	"367273"	"801.177"	"99.98"	"93.19"	"50.48"	"157"	"158"	"69.27"	"15327678"	"32.998"	"33.106"	"NORMAL"	"40.1,41.1,42.1,43.1,44,45,47,53,54,55.1,56.1,57.1,58,59,59.9,61,67.1,68.1,69.1,70.1,71.1,72.1,73.1,74.1,75.1,76,77,78,79,80,81.1,82.1,83.1,84.1,85.1,86,87,88.1,89.1,90,91.1,93.1,94,95.1,96,97.1,98,99.1,100,101.1,103,105,107.1,109.1,110.1,111.1,112.1,113.1,114.1,115,116.1,117,118.1,119,121.1,123.1,124,125.1,126.1,127.1,128.1,129.1,130,131.1,132.1,133.1,134.1,135,137,139,140.1,141.1,143,145.1,146.1,147.1,149,153.1,154.1,155.2,157.1,159,160,163.1,167.1,168.2,169.1,171.1,172.1,173,174.1,177,179,181,185.1,186.1,187.1,188.1,189.1,190.9,193,199.1,201.1,202.1,203,207,208.1,209.1,210.2,213.1,215.1,216.1,223.1,227.1,229.1,241.2,243.2,244.2,253,255.2,256.1,257.2,258.2,269.2,271.3,272.1,281,283.2,285.2,297.3,298.3,299.2,300.3,311.3,313.3,314.3,315.3,327.3,339.3,340.3,341.3,342.4,343.4,344.3,355.4,356.4,357.4,358.4"	"636,4339,1258,8087,4446,1592,807,301,462,7022,1763,6005,697,737,287,1194,1797,634,5070,1402,3423,1257,27976,2782,21840,1732,1322,273,595,173,2029,680,3271,1565,2134,422,306,190,1078,211,395,841,173,2337,578,2697,1984,1530,221,310,267,938,417,1079,365,1877,912,749,191,428,1920,40256,4062,1821,507,307,182,841,476,694,183,16720,2142,4770,24776,5595,1316,815,174,265,234,440,1365,14770,2037,944,251,384,573,533,412,1583,257,215,219,302,270,1039,173,363,283,523,163,183,1777,302,1617,455,191,166,190,472,4908,777,301,958,201,227,278,405,611,191,232,453,439,607,815,326,181,485,165,1473,382,325,653,163,259,360,298,2258,560,661,182,335,2660,727,172,605,218,240,38184,10713,2818,431,307,6696,1844,498"
"HMDB00067"	"Cholesterol"	"43.928"	"2635.67"	"3164.843"	"98633"	"335.306"	"93.27"	"26.25"	"41.78"	"160"	"159"	"49.6"	"21466979"	"43.737"	"44.119"	"SKEWED"	"41,42,43,44,45,47,55,56,57,58.9,61,67,68,69.1,70,71.1,73.1,74,75,76.1,77,78.1,79.1,81,82,83,85,87,88.9,91,93,94,95,96,97,99.1,103,105,107.1,108.1,109,110,111,115,116,117,118,119.1,120.2,121.1,122.1,123,125,127,129,131.1,132,133,134.1,135,136,137,141.2,141.9,143.1,145,146.1,147.1,148,149,150,151,153.9,155,155.9,157.1,158.1,159,161,162,163,164.9,169,170.1,171.1,173,175.1,176.1,177,178,179,181.1,183.1,185.1,187.1,191,192,192.9,194.1,195,197.1,201.1,202.1,203.1,205,207.1,208,209,210,211,215.2,221.1,223,235,239,243.2,249,250,251,252.1,253.1,254.1,255,260.2,261.2,265,266.1,267,268,269,281.1,282.1,283,284.1,289.2,315.1,325.1,327,328.1,329.2,331.1,332.1,341.1,342.1,343.2,344.2,346.1,347.1,351.2,355.1,356.3,357.2,366.4,403.1,405.2,406.2,415,429.2,430.2"	"633,231,835,8619,673,279,599,259,692,227,175,411,150,632,259,541,3153,368,2822,299,747,518,430,698,195,404,406,156,246,767,990,371,672,1362,368,214,519,702,557,338,413,228,260,349,218,425,184,743,337,419,194,211,226,202,444,458,184,1497,433,1498,273,199,155,151,293,469,181,1249,318,608,182,175,252,241,399,306,310,453,396,201,686,334,190,158,192,152,150,358,1334,387,288,152,341,152,158,1353,361,758,228,456,532,572,238,182,178,11441,2573,1656,310,357,160,429,192,196,181,372,421,185,492,159,2457,738,416,244,172,299,180,686,237,394,3531,901,630,151,177,212,260,799,236,283,666,220,1493,423,587,267,342,155,180,545,978,380,209,229,487,185,260,480,197"
"HMDB00067"	"Cholesterol"	"44.112"	"2646.74"	"3182.435"	"19059602"	"729.569"	"97.48"	"98.33"	"99.74"	"382"	"368"	"91.25"	"1222836462"	"43.947"	"44.303"	"NORMAL"	"41.1,42.1,43.1,44.1,45.1,46.1,47.1,50,51.1,52.1,53.1,55.1,56.2,57.2,58.1,59.1,60.1,61.1,62.1,63.1,64.2,65.1,66.2,67.1,68.1,69.1,70.1,71.2,73.1,74.1,75.1,76.1,77.1,78.1,79.1,80.1,81.1,82.1,83.2,84.2,85.2,86.2,87.1,88.1,89.1,91.1,92.1,93.1,94.2,95.1,96.1,97.2,98.2,99.1,100.1,101.1,102.1,103.1,104.2,105.1,106.1,107.1,108.2,109.2,110.2,111.2,112.2,113.1,114.2,115.1,116.1,117.1,118.1,119.1,120.1,121.2,122.2,123.2,124.2,125.2,126.2,127.2,129.1,130.1,131.1,132.1,133.2,134.2,135.2,136.2,137.2,138.2,139.2,140.1,141.1,142.1,143.1,144.2,145.1,146.2,147.2,148.2,149.2,150.2,151.2,152.2,153.2,154.1,155.1,156.2,157.2,158.2,159.2,160.2,161.2,162.2,163.2,164.2,165.2,166.2,167.2,168.1,169.2,170.2,171.2,172.2,173.2,174.2,175.2,176.2,177.2,178.2,179.2,180.2,181.2,182.2,183.2,184.2,185.2,186.2,187.2,188.2,189.2,190.2,191.2,192.2,193.2,194.2,195.2,196.2,197.2,198.2,199.2,200.2,201.2,202.2,203.2,204.2,205.3,206.3,207.2,208.2,209.2,210.2,211.2,212.3,213.2,214.2,215.2,216.3,217.3,218.3,219.3,220.3,221.3,222.2,223.2,224.2,225.2,226.3,227.2,228.3,229.3,230.2,231.3,232.3,233.3,234.3,235.3,236.2,237.2,238.3,239.2,240.3,241.3,242.3,243.3,244.3,245.3,246.3,247.3,248.3,249.3,250.2,251.2,252.2,253.3,255.3,256.3,257.3,258.3,259.3,260.3,261.3,262.3,263.3,264.2,265.2,266.2,267.2,268.3,269.3,270.3,271.3,272.3,273.3,274.4,275.4,276.4,277.3,278.3,281.2,282.3,283.3,284.3,285.3,286.3,287.3,288.3,289.3,290.3,291.3,292.3,293.2,295.4,296.3,297.3,298.4,299.3,300.4,301.4,302.4,303.3,304.3,305.3,306.3,309.3,310.4,311.4,312.4,313.4,314.4,315.4,316.4,317.3,318.3,319.3,320.3,321.3,323.4,324.4,325.4,326.4,327.4,328.4,329.4,330.4,331.4,332.4,333.3,335.3,337.4,338.5,339.4,340.4,341.4,342.4,343.4,344.3,345.4,346.4,347.4,348.4,349.3,350.4,351.4,353.4,354.4,355.4,356.4,357.4,358.3,359.4,360.3,361.3,362.4,363.4,364.5,365.6,366.5,367.5,368.5,369.5,370.5,371.5,372.4,373.4,374.4,375.4,376.4,377.3,383.4,385.3,386.4,387.4,388.4,389.4,390.4,399.3,400.4,401.4,402.4,403.4,404.4,405.4,413.5,414.5,415.5,416.5,417.5,418.5,419.5,423.3,425.5,426.5,427.5,428.5,429.5,430.5,431.5,432.4,433.4,439.5,440.4,441.5,443.5,444.5,445.5,446.5,447.5,454.4,456.6,458.6,459.6,460.6,461.6,462.6,463.5"	"36728,5055,76584,4357,6614,556,2825,388,771,394,5665,78368,14242,101504,5403,7075,1632,8241,714,621,217,3902,1936,58240,8334,84000,11453,74968,219136,21888,161920,11240,23616,5937,74352,11105,152768,16976,71432,6682,21312,1781,2013,1354,10694,104288,23712,121008,28456,225600,19728,57440,4970,10168,2046,17856,2613,16680,11075,169088,44624,200320,40832,142400,21128,51432,5110,12279,3330,28584,25192,68104,29800,207936,119032,235264,36888,74256,9495,27944,3504,18208,843392,138560,157120,50976,157696,46896,125664,20640,43960,5902,13032,2831,14376,18488,143872,54160,264832,79304,159360,57096,98832,14249,38600,6946,13917,6624,79896,21752,68128,46032,198848,150592,188224,47016,128688,18448,40024,7012,10364,12620,34280,11538,51672,23744,104680,44152,81768,14677,58360,9915,33104,7877,28392,21104,20160,8091,53736,18392,47072,15639,66960,11666,37176,8639,44880,13085,21248,25992,34400,11278,64920,28920,65000,14661,103224,18072,41416,33384,41456,10076,9585,4001,9781,7425,154048,46920,72520,20432,101368,20816,76912,19928,15523,4350,3681,1977,5196,3333,38168,36768,48048,10009,23616,6989,78360,16192,12986,3002,2211,1370,10477,4364,31352,10100,11937,4847,48008,50696,293760,60128,11451,13624,6147,1730,8526,273088,60720,15928,4993,59904,42672,24248,6628,2863,898,513,285,2589,1056,5889,1640,7771,3996,38992,57520,130760,28144,4095,573,2767,1709,23280,8054,8027,6465,14211,6937,5824,2542,4660,1298,327,865,679,9005,4176,15041,14831,92856,24760,11372,3556,1159,450,795,926,23648,9675,26488,19680,9938,3015,3448,3338,1398,364,278,417,887,18816,74656,97472,421504,1644544,431552,54960,5326,718,229,1425,913,24872,57832,16090,11395,5157,2162,15499,4734,1608,551,902,890,3865,693632,195776,29792,3712,1234,729,3523,1218,708,377,343,642,781,4525,55632,1574912,472960,70696,7730,2044,3256,1598,806,353,198,151,540,2049,4792,1906,1310,427,223,697,4260,1848,1873,808,503,388,302,3495,13611,5599,1405,302,166,6033,2221,2247,1060,10638,13712,4491,1087,266,175,215,2124,242880,89648,24536,4392,466,414,8418,921344,350976,96056,17376,2318,288"
