"","hmdbID","CompoundWithTMS","RT_min","RT","RI","Intensity","MatchFactor","RI.Similarity","Corr.Spearman","matchMZrate","matchMZnum","sampleMZnum","TScore","Area","RT.start","RT.end","peakType","mz","mzInt"
"1","HMDB00243","Pyruvic acid","8.071","484.278","1038.083","161919","252.427","90.97","42.51","73.47","108","121","62.5","33468819","7.9","8.262","SKEWED","41.1,42.1,43.1,44.1,45.1,46.1,47,49,50,51,52,53,54,55,56.1,57.1,58.1,59.1,60.1,61,63,65,66,67.1,68,69.1,70,71.1,72.1,73.1,74.1,75.1,76,77,78,79,80,81,83,84.1,85.1,86.1,87.1,88,89,90,91,92,93,94,95,96,97,100.1,101.1,102,102.9,104,105,106,107,111.1,115.1,116,117,118.1,119,120,121,129,130.9,132.1,133,134,135,145.1,146,147.1,148,149,150,150.9,155,157.9,159.1,160.9,163.1,170,173,174.1,175,176,177,178.1,179,188.1,189.1,190.1,191.1,192.1,193,205,207,208.1,209,221.1,222,223,233.1,234.1,235,246.2,247.1,248.1,249,250,251.1,252.1,253,263.1,281.1","3132,3120,13647,5871,1777,275,1122,188,203,266,227,410,162,688,2478,3179,3102,930,228,376,191,200,345,305,222,2156,619,689,10043,5267,592,8746,1334,2265,514,420,162,435,301,595,373,4288,7368,1111,275,282,427,231,721,150,400,584,192,575,805,247,477,1395,303,480,195,593,1917,368,877,292,666,411,412,624,647,507,2374,331,450,164,702,4009,657,5514,827,650,646,191,173,254,718,268,233,601,1804,401,644,279,158,1100,4396,1864,6122,1053,932,205,6356,1350,837,1461,353,252,598,152,192,201,891,379,961,235,3281,616,392,386,264"
"2","HMDB00243","Pyruvic acid","8.148","488.859","1040.399","146155","294.114","94.7","52.19","70.07","103","109","62.8","31801574","7.957","8.339","SKEWED","40.1,41.1,42.1,43.1,44.1,45,46.1,47,49,51,52,53,54,55.1,56.1,57.1,58.1,59,60,61,63,65,65.9,67,68,69.1,70,71.1,72.1,73.1,74.1,75.1,76,77,78,78.9,81.1,82,83.1,84.1,85,86.1,87.1,88,89,89.9,91,92,93,94.9,96.2,100.1,101,102,103,104,105,106.1,113,114,115.1,116,117.1,118,119,120,121.1,128,129,130,130.9,132,133,135,143,147,148,149,157,158,159,160,163,169.9,173,174.1,175,176.1,176.9,178,179,188.1,189.1,190,191,192,193,207,208.1,209,221.1,222.1,223,248,249,250.1,251.1,263.1,281.1","745,2663,2532,12491,5258,2613,268,1471,179,206,226,312,310,2117,11079,3685,3192,1381,349,604,159,210,209,298,153,1662,534,1027,8472,10336,1107,10583,1192,1930,548,438,190,202,3581,946,393,4201,6498,841,268,185,415,198,618,363,253,646,633,324,2146,1059,349,588,259,252,1461,314,657,241,330,284,503,235,674,616,288,227,795,176,248,1172,215,973,819,6868,962,316,518,165,844,187,280,178,371,260,155,228,331,182,876,335,230,2187,519,267,1297,228,156,219,707,219,282,298,258"
"3","HMDB00243","Pyruvic acid","8.218","493.058","1042.503","96357","412.191","98.07","58.35","61.9","91","94","62.93","20966127","8.027","8.409","SKEWED","41.1,42.1,43.1,44.1,45,47,50.9,52,53.1,54.1,55.1,56.1,57.1,58.1,59.1,59.8,61,63,65,66,67,69.1,70.1,71.1,72.1,73.1,74,75,76.1,77,78,79,81,83,84.1,85.1,86.1,87.1,88.1,90,91,91.9,93,95,95.9,97,100.1,101,102.1,103,104.1,105,106.1,115.1,116,117.1,119,120,121.1,128,129.1,130,131,132,133,135,147.1,148.1,149,158,163,170,175,176,177,178,188,189,190,191,192,193,205,207,208.1,208.9,219.9,221.1,222.2,223.1,248.1,249.1,263.2,281","2523,2347,10943,4892,1459,977,221,219,268,210,765,2590,3060,2252,867,156,240,258,176,221,187,1363,540,552,7159,4438,571,7407,1053,1569,418,311,207,346,436,319,3350,5874,794,162,468,206,652,349,201,172,387,519,2582,737,699,200,480,1284,312,538,215,218,404,168,471,157,208,152,614,161,1729,293,888,545,402,154,299,172,336,202,160,238,321,600,304,173,174,1399,231,159,265,1192,289,174,163,582,325,292"
"4","HMDB00243","Pyruvic acid","8.319","499.165","1045.532","90992","378.969","97.1","46.45","66.67","98","106","64.12","19797903","8.129","8.51","SKEWED","41.1,42.1,43.1,44.1,45,45.9,47,49,50.1,51,52,53.1,54.2,55,56.1,57.1,58.1,59,60,61,63,65,66.1,67,68,69.1,70.1,71.1,72.1,73.1,74.1,75.1,76.1,77,78,79,80,81.1,83,84.1,85.1,86.1,87.1,88.1,88.9,90,91,92.1,93,95.1,96.1,97,100.1,101.1,102.1,103,104.1,105,106,107,108.1,111,115.1,116,117,118,119.1,120,121,121.9,123,129,131,133,143,147,148,149,152.1,153,154.1,158,163,166,167,175.1,177,178,188,189,189.9,191,192,193,198.1,207.1,208,209,221.1,222,223,228.1,249,251,263.1,281","2483,2054,8754,4053,1276,153,982,163,246,350,228,284,208,697,2486,2970,2680,671,180,254,230,345,196,327,166,1186,397,705,5172,3305,652,7579,781,2202,734,365,215,213,325,528,203,2540,4743,639,225,198,1006,187,683,250,215,162,281,489,190,505,707,210,326,158,280,438,1056,277,570,654,1583,423,259,214,199,387,200,589,251,824,262,670,1798,288,176,294,416,285,287,222,260,166,153,195,174,588,226,161,317,1595,372,165,1018,255,158,165,340,466,289,263"
"5","HMDB00243","Pyruvic acid","8.339","500.311","1046.096","92102","250.396","96.2","39.81","65.99","97","106","59.75","20039415","8.148","8.529","SKEWED","41.1,42.1,43.1,44.1,45,47,50,51.1,52,53,54,55.1,56.1,57.1,58.1,59.1,61,63,65,66,67.1,69.1,70,71.1,72.1,73.1,74,75.1,76,77,78,79.1,80.1,83,84.1,85.1,86.1,87.1,88,89,90,91.1,92,93.1,94.1,95,96.1,100,101,102,103,104,105,106.1,107,108,111.1,115.1,116,117.1,118.1,119.1,120,121.1,121.9,123.1,126,129,131.1,132.9,134,135,143.1,147,148,149,149.9,152,153,154,158.1,159,163,166.1,167,169.9,174.1,175,177,178,188.1,189,191,192,198,207,207.9,214,221.1,222.1,223.2,228,249.1,251.1,263,281.1","2422,2198,8224,3830,1344,1009,224,349,254,257,166,728,2509,3097,2292,638,343,196,303,251,297,1054,324,508,5180,3744,577,7083,951,2346,760,404,271,334,469,250,2676,4764,550,188,206,1026,325,752,188,311,221,323,482,228,691,852,269,399,195,253,276,931,214,612,586,1713,693,303,231,283,203,457,246,502,201,179,186,834,581,791,167,2424,373,245,271,156,428,329,322,151,166,227,280,167,151,164,471,243,893,955,179,203,1075,245,156,489,275,186,228,323"
"6","HMDB00243","Pyruvic acid","8.409","504.51","1048.152","76604","415.489","92.94","56.53","61.9","91","92","62.01","16667383","8.218","8.599","SKEWED","40.1,41.1,42.1,43.1,44.1,45,47,51,52,53,54.1,55.1,56.1,57.1,58.1,59,60,61,64.9,66.9,68,69,70.1,71.1,72.1,73.1,73.9,75.1,76,77,78,79,80,81.1,83,84,86.1,87.1,88.1,90.9,92,93,93.9,94.9,95.9,97,98.1,99.1,100,101,102,103,104.1,105,106.2,108,115.1,116.1,117.1,118,119.1,120,121.1,123.1,129,130,130.9,132,133,134.9,147,148,149,152,158.1,159.1,163.1,175.1,176,177,178,188,189,191,193,207,207.9,221.1,222,249.1,263.1,281","662,2856,2835,6599,4389,1112,920,256,167,250,155,685,2260,3269,1874,503,163,217,176,227,182,822,512,610,3285,3019,400,6929,848,1783,450,313,167,236,223,226,1878,3128,388,453,194,652,150,278,154,400,2120,2808,408,481,231,283,431,205,301,227,664,218,346,254,500,209,216,161,343,408,223,166,458,167,852,180,619,186,217,179,404,212,163,236,155,173,177,438,203,909,200,914,245,242,264,302"
"7","HMDB00190","Lactic acid","9.178","550.698","1069.703","95030","174.024","91.75","31.45","60.4","90","96","53.77","20677388","8.987","9.369","SKEWED","41.1,42.1,43.1,44.1,45,46,47,49.9,51,53,54,55,56.1,57.1,58.1,59,60,61,67,69.1,70.1,71,72.1,73.1,74,75.1,76,77,78,79,80,80.9,84.1,85,86.1,87.1,87.9,91.1,92,92.9,95,96.1,96.9,98,99.1,100.1,101,102,103,105,112,113.1,114.1,115.1,116,117,118.9,121.1,126.2,128.1,129,130.1,131,132.1,132.9,135,142.1,143.1,144.1,147,149,150.9,154.1,156.1,157.1,158,163,170.1,171.1,172.1,174.1,175.1,176.1,177,178,188.2,189.2,190,191,192,207,221.1,222,249,263,281","2271,1548,3483,2557,1750,195,906,153,176,211,197,662,2027,3286,1004,1207,357,337,291,397,565,459,1534,9615,1136,7324,635,1420,407,290,150,263,227,227,1013,1496,220,480,172,537,210,225,171,353,312,1715,339,270,180,221,221,152,293,1313,422,598,197,161,199,10602,1657,3552,585,169,382,186,804,217,241,603,543,208,399,2053,347,248,378,311,1838,352,4531,730,277,346,159,173,985,194,437,204,816,804,156,262,200,297"
"8","HMDB00190","Lactic acid","9.312","558.714","1073.259","462605","571.506","97.3","74.84","64.43","96","103","68.82","13827115","9.261","9.356","NORMAL","41.1,42.1,43.1,44.1,45.1,46,47,48,49,51,52,52.8,54.1,55.1,56.1,57.1,58.1,59.1,60,61.1,62,63,66.1,67.9,69,70,71,72,73.1,74.1,75.1,76,77.1,78,79.1,83,84,85,86.1,87.3,88.9,90.1,91,93,95,98,98.9,100,101.1,102,103,103.9,104.9,106,113,114,115,116,117,117.9,119,120.1,121,128.1,129,130.1,131,132.1,133.1,134.1,135,143,144,146.2,147.1,148.1,149.1,150,151,158,160.1,163.1,170.1,171.1,174.1,175,176,177,178,189.1,190.1,191.1,192.1,193.1,205.1,206,207,208.1,221.1,222.1,249,263,281.1","1980,1611,5528,3646,9183,702,3704,172,216,1082,3285,575,239,766,2369,3526,2354,4718,1118,2462,242,236,20240,204,346,2489,966,4682,32552,4568,48512,3520,2760,354,264,167,244,409,1660,2817,419,170,448,526,288,229,322,14979,1775,1872,1117,234,670,230,377,627,1837,667,1867,404,447,160,242,444,218,2198,7122,1474,2828,415,310,215,353,1307,123136,19320,10079,1052,451,216,237,396,154,152,3819,717,304,232,201,809,57448,10176,4850,729,1808,392,729,171,763,169,200,202,368"
"9","HMDB00190","Lactic acid","9.395","563.677","1075.434","245145","735.999","99.33","80.49","65.77","98","105","74.83","7715242","9.363","9.439","NORMAL","41,42.1,43.1,44.1,45,46,47,51,52,52.9,54.1,55.1,56.1,57.1,58.1,59,60,61,63,65.1,66.1,67.9,69,70,71.1,72.1,73.1,74.1,75.1,76.1,77,78.1,79.1,80.9,84,85,86.1,87.1,88,88.8,91.1,92.1,93.1,93.9,94.9,96,99,100,101,102.1,103,104,105.1,113,115,116,117.1,118.1,119.1,120,121.1,128,129,130.1,131.1,132,133,134,135,141,143,143.9,147.1,148.1,149.1,150,151,154,156.1,159,161.1,163,166.1,170.1,171.1,174.1,175.1,176,177.1,185.1,189.1,190.1,191.1,192.1,193,203,205,207,219.1,220.1,221.1,222,249.1,263,281","2134,1441,4362,2879,4865,379,1544,334,645,326,167,1092,1877,3290,1699,2335,336,864,202,201,4397,152,359,554,741,2123,36760,3420,12433,1086,1501,471,237,170,161,248,1043,2035,2203,403,680,165,520,190,322,160,276,1562,1211,1190,630,160,438,258,924,644,32776,3556,1856,572,204,401,746,1102,2084,465,3121,476,377,228,237,208,38880,6331,3759,401,203,249,271,159,186,381,268,1463,263,1624,658,268,256,272,549,9981,9012,2256,812,362,194,651,3573,568,984,238,268,184,355"
"10","HMDB00190","Lactic acid","9.458","567.494","1077.095","89702","412.619","96.76","46.77","54.36","81","94","58.91","19518079","9.267","9.649","SKEWED","41.1,42.1,43.1,44,45.1,46.1,47,50.9,52,53,55,56.1,57.1,58.1,59,59.9,61,63,65,66,66.9,69,70,71.1,72,73.1,74,75.1,76,77.1,78,79,81,84,85.1,86,87.1,88,89,91,92,93,95,96,99,100.1,101.1,101.9,103,105,115,116,117.1,118,119,120,128.1,129,130.1,131,133,135.1,144,147.1,148,149,156.1,163,170.1,174.1,175.1,176.2,177.1,178.1,188,189.1,190.1,191.1,192,193,205,207.1,208.1,209,219.1,221.1,249,263,265.1,279,281.1,295.1,296.1,297.1","2094,1456,3159,1937,1627,154,921,232,243,198,494,1957,2986,980,898,172,400,182,151,777,272,266,363,368,1063,8705,975,8391,683,1433,335,268,209,163,185,978,1611,279,184,442,217,493,225,205,150,1133,356,282,270,230,572,308,2312,445,439,222,270,274,927,646,772,183,160,6413,965,842,169,365,447,1347,349,191,258,171,195,479,2143,1354,326,313,192,6647,1364,865,232,809,318,281,153,203,329,1654,634,366"
"11","HMDB00190","Lactic acid","9.547","572.838","1079.401","157458","495.53","93.2","49.94","67.79","101","124","67.4","34260971","9.356","9.738","SKEWED","41.1,42.1,43.1,44,45,45.9,47,47.9,49,50,51,52,53,54,55.1,56.1,57.1,58.1,59.1,60.1,61,62.9,64,64.9,66,66.9,69.1,70,71.1,72.1,73.1,74.1,75,76,77,78,79.1,79.9,81,83.1,84.1,85,86.1,87.1,88,90,91.1,92,93,95,96.1,99.1,100.1,101,102.1,103,104,105,115,116.1,117.1,118.1,119.1,120,121,122,126.9,128,129,130,131,132.1,133,133.9,135,138.9,143,144,145,146,147.1,148,149.1,150,151,158,163,166,170,171.1,174.1,175.1,176,177,178,180.1,188,189.1,190.1,191.1,192.1,193,194,205,207,208,209,221.1,222,223,240.1,242,249,257.1,258,262.9,281.1,282,286.1,287.1,288.1,295,300.1,332.1","2849,2986,4268,2346,2693,252,1175,254,267,337,187,231,340,253,1606,5226,3408,1295,1133,196,415,266,160,200,566,284,641,921,711,1690,24888,2409,9745,751,2977,1914,435,155,267,234,1417,205,914,1611,218,481,474,205,555,256,167,222,1444,923,280,544,311,253,551,671,17384,1902,1324,2703,442,179,157,331,158,489,730,183,763,178,208,164,245,1769,259,191,6542,1070,890,187,474,198,321,592,1073,175,946,514,366,270,231,185,667,374,1376,789,3754,812,452,161,1076,227,154,876,154,158,238,464,223,1009,230,206,313,160,4739,928,554,163,159,542"
"12","HMDB00729","alpha-Hydroxylsobutyric acid","9.821","589.252","1086.351","110344","157.329","94.4","16.36","53.42","86","91","50.31","24009530","9.63","10.012","SKEWED","40.1,41.1,42.1,43.1,44.1,45,47,48,49,50,51,52,53.1,54.1,55.1,56.1,57.1,58.1,59,61.1,62.9,64,65,66.1,67.1,68,69.1,70,71.1,72.1,73.1,74.1,75.1,76.1,77,78,79.1,79.9,81,83.1,84.1,85.1,86.1,87.1,89,90,91,92,93,95,95.9,100,101,103,103.8,105,115.1,116.1,117,118,119.1,120,121,122,129,130.9,133,135,147,148,149,163,170.1,175,177,188.1,189,190.1,191,192,192.9,205,207,208,221.1,222.1,223.1,251,263,265.2,281","1342,3893,2538,3644,1961,1303,776,422,194,507,573,435,2429,2858,13540,6802,3329,1014,616,292,161,520,564,336,789,178,911,336,686,788,5448,585,7016,550,1294,1133,283,180,153,1983,3683,363,893,1523,179,607,384,175,403,349,162,308,202,1284,242,161,459,223,808,297,324,6798,350,399,179,244,633,173,1848,582,688,312,187,263,404,159,280,182,533,305,176,244,705,190,5823,1477,765,160,212,260,375"
"13","HMDB00729","alpha-Hydroxylsobutyric acid","9.916","594.978","1088.73","199711","298.365","98.06","36.49","64.6","104","131","60.86","28246325","9.725","9.974","SKEWED","41.1,42.1,43.1,44.1,45.1,46,47,48.9,50,50.9,53,54,55,56.1,57.1,58.1,59,60,61,63,63.9,65.1,66.1,67,68,69,70,71.1,72.1,73.1,74.1,75.1,76,77.1,78.1,79,81,82,83.1,84,85,86.1,87.1,88,88.9,90,91,93,94.9,96,99,100,101,102,103.1,104.1,105,107,114,115,116,117,118,119,120,121,126,128,129.9,131,132,133,134,135,142,142.9,144,145,147.1,148.1,149,150.1,151.1,152.1,158.1,159,161,163,165.9,168,170,172.1,176,177.1,178,179.2,180,180.9,187,188.1,189.1,190,191.1,192.1,193.1,194,197,198,199.9,205.1,207.1,218.1,219.1,221.1,222.1,223.1,238.1,242.1,243.1,244,249,257.2,263.1,265,272.1,273.1,274.1,281.1,286,287.1,288.1","2047,1549,3868,2351,4107,287,1247,386,210,199,435,405,1755,3505,3073,1511,1710,306,400,340,158,224,401,231,150,749,532,560,2416,41784,3798,8907,830,5318,834,514,480,159,257,610,234,1114,1844,329,281,179,445,597,303,169,187,1739,524,978,13758,1656,889,573,224,515,474,709,239,345,1209,238,154,163,179,827,251,1232,190,267,657,288,764,193,16092,2542,1828,295,515,490,616,159,156,515,152,208,889,202,421,2100,422,190,1089,177,213,2436,612,327,533,7583,1619,591,578,293,227,351,671,566,150,3832,948,507,187,2532,537,218,255,243,214,179,6533,1356,604,432,466,1012,255"
"14","HMDB00729","alpha-Hydroxylsobutyric acid","10.012","600.704","1091.086","74816","229.711","98.34","47.23","54.04","87","95","53.58","16279064","9.821","10.203","SKEWED","41.1,42.1,43.1,44.1,45,46,47,48.9,50,51,52.1,53,53.9,55.1,56.1,57.1,58.1,59,61,62.9,65,65.9,67.1,69,70,71.1,72.1,73.1,74,75,76,77,78,79.1,83.1,84,85,86.1,87,88.1,88.9,91,92,93,94.9,96.1,98,99.1,100.1,101,102,103,104,105.1,114,115.1,116,117,118,119,120,129.1,130,131,133.1,135,147.1,148.1,149,151,160,161,163.1,166,170,174,175,177,188.1,189.1,191,192.1,192.9,205.2,207,208,221.1,222.1,223.1,238,240,248.9,263.1,272,281","2582,1666,3457,2746,1379,206,937,161,181,188,167,240,255,1064,2135,2971,1427,673,304,160,174,238,225,388,273,412,1908,6179,812,8060,653,1899,523,253,159,269,200,1089,1370,161,212,575,203,494,302,192,150,185,2377,460,165,1019,226,207,192,382,2058,570,535,520,584,607,164,263,601,213,2139,408,630,192,387,207,306,215,219,195,285,375,214,231,332,509,206,171,726,165,2349,575,321,559,286,204,207,243,310"
"15","HMDB00729","alpha-Hydroxylsobutyric acid","10.164","609.865","1094.81","85995","177.991","92.68","34.9","54.04","87","100","50.89","18710663","9.974","10.355","SKEWED","41.1,42,43.1,44.1,45,47,51,53.1,54,55,56.1,57.1,58.1,59,61,63,65.1,65.9,67,68.9,70.1,71,72,73.1,74.1,75.1,76,77,78,79,81,83.2,84.1,86.1,87.1,88.1,89,91,92.1,93,95,96.1,100,101.1,102.1,103,104,105.1,115,116,117.1,118.9,120,121,129.1,130,131,131.9,133,134,135.1,144.9,146,147.1,147.9,149,154,161,163.1,170,175,176,177,178,188,189,190,191,192.1,193,205,207,208.1,209,220.1,221,222.1,223.1,235,237.1,238.1,239.1,240.1,249,263.1,278.1,279.1,280.2,281.2,282.1","2161,1391,2756,1837,1230,720,226,204,165,776,1939,3068,905,720,254,164,156,193,271,332,221,328,960,7434,872,6998,582,1316,330,238,185,157,151,866,1649,159,693,380,158,510,265,204,483,295,179,1036,208,212,350,427,499,471,437,158,185,341,331,224,1286,243,241,233,340,1925,335,511,237,205,625,205,297,177,542,167,160,347,197,1472,446,407,355,2414,541,342,582,1346,336,208,167,8098,1957,1251,191,179,208,889,3971,1154,986,217"
"16","HMDB01987","2-Hydroxy-2-methylbutyric acid","11.583","694.99","1142.963","85848","209.22","91.2","36.22","40.76","75","76","44.9","18678679","11.392","11.774","SKEWED","41.1,42.1,43.1,44,45,47,51,53.1,55,56.1,57.1,58,59,61,67,69,70.1,71.1,72.1,73.1,74.1,75.1,76,77,78,79,84,85.1,86.1,87.1,88,91.1,92.9,94.9,100,101,102.1,102.9,114,115,116,117,128,129.2,130.1,131.1,132.1,132.9,144.1,145,146.1,147,148,149,163.1,170,174.1,175.1,176.1,177,188.1,189.1,190,191,192,193,203.1,204.2,205.1,207,218,221.1,249,281,282.1,323","2072,1492,3778,1974,1741,1017,154,166,509,1989,3194,1016,1009,377,190,220,326,370,1308,12948,1265,7987,599,1118,379,225,204,183,1568,1676,161,271,435,218,317,217,395,298,334,317,202,691,175,164,5922,1096,359,335,1531,387,281,2327,341,473,283,153,4687,745,364,258,4499,908,276,415,150,187,1322,207,195,677,427,438,209,694,261,155"
"17","HMDB01987","2-Hydroxy-2-methylbutyric acid","11.768","706.06","1149.159","60447","446.238","99.77","51.72","41.3","76","77","53.99","13151968","11.577","11.959","SKEWED","41.1,42.1,43.1,44.1,45,47,51,52,55,56.1,57.1,58.1,59,61,65,65.9,67.1,69,70,71,72,73.1,74,75,76.1,77.1,77.9,79,84.1,85,86.1,87.1,89,91,93,95.1,100,101,102.1,103,105.1,114,115,115.9,117,118,119.1,120,129.1,130.1,131.1,133,144.1,146,147.1,148.1,149,163.1,170,174,175,177,186,188,189,190,191,192,207,208,218.1,219,221.1,248.9,281.1,282,323.1","2140,1267,2908,1982,1487,676,162,255,408,1852,3100,905,653,267,155,432,192,246,226,385,1127,7041,831,6901,551,1305,311,220,188,151,981,1691,426,295,429,182,270,268,207,294,170,151,371,247,866,213,170,180,525,300,357,548,177,207,4903,932,749,356,189,263,233,290,159,169,252,556,395,202,548,179,214,205,462,216,697,201,190"
"18","HMDB00700","beta-Lactate","12.137","728.2","1161.266","68349","178.031","94.82","27.86","51.85","70","75","50.23","14871273","11.946","12.328","SKEWED","41,42.1,43.1,44,45,47,50.9,51.9,52.9,55,56.1,57.1,58,59,61,63,65.1,66,69.1,69.9,71.1,72,73,74,75.1,76,77.1,78,79.1,82.4,86.1,87.1,88.9,90.1,91.1,92,93,95,101,103,105,107,115,117,119.9,121.1,129,132.9,135.1,136.1,137,147,149,150,163.1,164.2,165.1,166,167,176.9,178.1,179.1,180.1,181,191,192,192.9,207,208,221.1,249.1,281.1,282,282.9,323.1","1888,1242,2816,1961,1161,757,251,156,163,434,1741,2779,781,543,243,225,859,204,302,165,311,637,2782,497,6491,631,1237,411,212,404,675,1442,259,152,5821,593,486,232,199,259,241,163,409,256,150,185,173,372,4735,732,275,663,757,150,518,164,7577,1464,447,289,165,318,1389,260,290,202,203,581,150,518,296,1030,323,166,300"
"19","HMDB00700","beta-Lactate","12.238","734.307","1164.541","431705","322.304","90.15","51.99","74.81","101","120","65.11","12618845","12.194","12.289","NORMAL","41.1,42.1,43.1,44.1,45.1,46.1,47,51,52,53,54.1,55,56.1,57.1,58,59.1,60,61,65,66.1,67,67.9,69,70,71,72.1,73.1,74.1,75.1,76.1,77,78,79.1,84,85,86.1,87.1,88,89.1,90,91,91.9,93.1,95,97.9,99,100.1,101,102,103,104,105,108.6,112,113.1,114.1,115,116.1,117.1,118,119,120,126,127,128.1,129.1,130,131,132,133,134,135,142.1,143.1,144,145.1,147.1,148.1,149,150,150.9,157,158.1,159,163.1,164,165,166,173,175,176,177,180,188.1,189,191.1,192.1,193.1,194.1,195,202.1,203.2,204.1,205.1,206.1,207.1,208,216,221.1,232.1,233.1,234.1,246,249.1,263.1,267,281,282,283,323.1","2290,1610,4068,3360,8445,568,1828,238,270,256,223,742,3192,3972,1533,4601,538,751,187,775,281,348,343,584,667,2985,83040,6984,13891,935,1347,359,251,312,558,1285,1884,214,724,171,866,164,555,225,246,328,1739,851,445,3819,460,603,593,162,247,475,1011,451,4107,523,677,255,256,190,2108,786,938,3122,582,3499,505,662,2104,470,305,234,58184,8913,4614,575,177,225,638,250,765,156,1138,306,179,313,205,404,288,201,266,109064,20024,9137,1053,240,220,181,11027,2465,1016,796,201,151,550,2628,626,311,479,218,194,188,1033,321,215,331"
"20","HMDB00357","3-hydroxybutyric acid","12.353","741.178","1168.193","78242","469.507","92.66","44.24","50","86","96","57.62","17024520","12.162","12.544","SKEWED","41.1,42.1,43.1,44.1,45.1,46,47,50.9,55,56.1,57.1,58.1,59,60,61.1,63,65.1,66,66.9,69,70,71.1,72.1,73.1,74,75.1,76.1,77,78,78.9,81,85.1,86.1,87.1,88,89.1,91,92,93,94.9,100,101,103,103.9,105,115,116,117,118,119,119.9,121,128.1,128.9,130,131,133,134,135,137,142.1,143,147,148,149,151,160,161.1,163.1,165,168.1,169.9,177.1,179,188,189.1,191.1,192.1,193,194,203.1,204.1,205.1,207,221,242,243.1,244,249,263.1,276.2,278.2,281.1,282.1,283,323","2060,1292,3061,2105,1398,170,796,189,494,1723,2840,814,850,173,179,155,155,194,170,245,233,504,915,11256,994,7107,573,1991,369,203,189,157,822,1465,155,231,466,200,380,187,348,337,378,158,162,496,319,788,210,330,231,173,237,166,176,520,1318,212,343,292,171,225,4101,673,707,286,596,294,523,299,157,332,314,185,276,215,4450,2406,714,265,342,518,227,678,457,1061,195,173,251,152,575,228,820,233,165,277"
"21","HMDB00357","3-hydroxybutyric acid","12.544","752.63","1174.206","57794","406.978","98.77","42.16","44.19","76","78","54.06","12575281","12.353","12.735","SKEWED","41.1,42.1,43.1,44.1,45.1,47,55,56.1,57.1,58,59,61,65,65.9,67,69.1,69.9,71.1,72.1,73.1,74.1,75,76,77.1,78.1,79,86.1,87,88,88.9,91,93,95,99.1,100,101,101.9,103.1,105,114.2,115.1,116,117,118.1,119,120,128.1,129,130.1,131,133,135.1,145,147,148.1,149,150,151,163,174.1,174.9,176,177,183,188.1,189.1,190,191.1,192,193,201.1,207,221.1,233,247.1,249,263,281","2111,1300,2926,1904,1621,725,448,2167,2883,1204,698,270,183,203,175,338,230,449,1057,4636,569,7253,682,1219,361,220,825,1320,256,242,306,447,188,150,244,391,170,603,167,231,583,455,1195,229,192,172,183,202,752,229,565,181,154,1819,264,813,209,155,450,397,389,175,320,276,339,997,419,1388,381,194,166,542,528,209,162,161,200,337"
"22","HMDB00407","2-Hydroxyisovaleric Acid","12.786","767.135","1181.691","187276","247.54","98.42","32.62","51.96","93","110","53.09","5860674","12.741","12.824","NORMAL","41.1,42.1,43.1,44.1,45,46,47,53,55,56.1,57.1,58.1,59,60,61,65.9,69,70.1,71.1,72.1,73.1,74.1,75.1,76,77.1,78,78.9,84,85,86.1,87,89,91.1,92,93,95.1,96,98.1,98.9,100,101.1,102.1,102.9,104.9,114.1,115.1,116.1,117.1,118,119.1,120.1,128,130,131,133,135,143,144.1,145.1,146.1,147.1,148.1,149,158.1,159,160.1,163.1,174.1,175,176,176.9,178,179.1,186,188.1,189.1,190.1,191,192,193,193.9,202.2,203.2,204,205,207.1,208.1,209,217,221,222,247,248.1,249,250.1,251.1,263.1,265.1,266.1,279.1,280.1,281.1,282.1,295.1,296.1,336.2,337.2,338.2,339.2,340.2","2552,1703,3079,2423,2524,237,1100,216,629,2173,3349,952,1801,313,903,192,264,1163,462,1590,26608,2586,11137,754,1190,333,260,291,256,1074,1649,223,297,159,450,215,178,317,240,944,349,1033,380,160,4365,15938,1930,1627,224,306,150,345,410,639,1022,232,188,11635,1786,2663,5058,851,850,1373,252,229,439,258,220,169,521,190,212,158,12896,2301,746,1477,458,584,195,5178,973,345,345,8442,1872,1059,312,890,160,298,709,3228,711,699,534,497,150,1266,370,860,206,426,153,689,3347,1137,591,166"
"23","HMDB00407","2-Hydroxyisovaleric Acid","12.881","772.861","1184.607","69979","246.31","94.32","28.24","45.25","81","90","48.88","15226591","12.69","13.072","SKEWED","41.1,42.1,43.1,44.1,45.1,47,53,55,56.1,57.1,58,59,60,61,68,69,70.1,71.1,72.1,73.1,74,75.1,76,77,78,79,81,84.1,85.1,86.1,87.1,88,91.1,93,95,99.1,100.1,101,102.1,103,105,111.2,114,115,116,117,118.1,120,127.9,128.9,130,131,132,133,135,144.1,145.1,146,147,148,149,158.1,159.1,160,161,163.1,165.1,170,172.1,175,177,178,180,181.1,187,188.1,189.1,190.1,191.1,192,192.9,202.1,207,209,214,221.1,234.2,249,281,337.2","2306,1632,3315,2146,1473,906,166,539,1914,3334,821,803,167,291,203,395,759,435,1105,6577,852,8186,720,1344,256,288,166,183,205,945,1664,158,439,432,230,230,447,335,805,360,176,1210,306,1152,1163,562,171,205,177,155,741,347,168,412,172,1421,354,216,1172,175,534,584,1816,224,173,432,476,169,258,196,312,170,577,150,208,845,449,203,452,191,157,305,923,209,472,456,189,288,331,198"
"24","HMDB00691","Malonic acid","13.829","829.738","1217.81","60631","215.957","97.91","24.31","44.44","68","76","48.28","13192578","13.638","14.02","SKEWED","41.1,42.1,43.1,44,45,47,53,55,56.1,57.1,58.1,59,61,67.1,69,70,71,72.1,73.1,74,75.1,76,77,78,79,85,86.1,87.1,91,92.1,92.9,95,96,99,100,101,103.1,103.9,105,115.1,116,117,119,120,121.9,129,130.1,131,132.9,135,142,143,144,147.1,148.1,149,151.1,157,163,170,172,177,178.1,191.1,192,193.1,207,221,224,249,281,284.1,285,299.1,300.1,314.2","1825,1242,2620,1996,1157,705,160,392,1643,2516,743,616,317,154,350,350,376,699,8056,828,6862,699,1732,400,274,190,699,1247,417,157,394,287,254,152,337,304,3288,428,289,302,206,334,1357,267,196,332,151,234,375,164,445,258,161,1540,274,310,174,189,254,369,322,356,179,1138,605,270,489,283,209,158,273,980,202,1378,271,436"
"25","HMDB00754","3-Hydroxyisovaleric acid","14.033","841.953","1226.006","320605","339.281","92.03","46.72","83.93","94","130","70.55","8349024","13.994","14.071","NORMAL","41.1,42.1,43.1,44.1,45.1,46,47,51,53.1,54,55.1,56.1,57.1,58.1,59.1,60,61,63.1,64.9,66.1,67,68.1,69.1,70.1,71.1,72.1,73.1,74.1,75.1,76,77,78,78.9,84,85,86.1,87.1,88.1,89.1,91,93,94.9,96,98,99,100.1,101,102.1,103,104,105,114.1,115,116.1,117,118,119,120,121.1,128.1,130.1,131.1,132.1,133.1,135,142,143.1,144.1,145.1,146,147.1,148,149,151,156.1,158.1,159.1,160.1,161.1,163,168.1,169,170,172.1,173.2,174.1,175.1,176.1,177,178,186,188.1,189,190,191,192.1,193,202.1,203.1,204.1,205,206.1,207,208,209,216.1,217.2,218.2,219.2,221.1,222.1,223,224,225.1,226.1,227.1,232,248.1,249,250.1,251.1,252,253,281.1,295.1,318,336.2,337.2,338.1,390.1","3751,2011,3821,3335,4493,319,1872,230,195,190,1164,2827,5452,2427,3784,651,1444,151,168,167,166,150,283,823,899,3327,63568,6010,13478,1041,1986,401,247,537,356,2719,1920,343,317,374,495,249,196,357,210,2381,566,1120,616,204,277,367,389,1893,3438,523,422,261,155,802,37504,5082,1697,676,256,175,158,825,173,1403,1465,296,407,480,322,3836,931,1320,295,301,1458,203,243,410,269,29752,4244,1551,436,156,194,479,483,151,636,363,377,23424,3671,1038,1029,227,1759,319,534,227,7089,1380,396,8786,2214,1116,672,5061,1219,587,289,2874,898,367,180,513,185,249,174,213,1339,448,280,451"
"26","HMDB00202","Methylmalonic acid","14.115","846.916","1229.302","229804","342.366","98.63","34.38","68.27","142","149","64.13","6928339","14.083","14.16","NORMAL","41.1,42.1,43.1,44.1,45,46,47,49,50,50.9,52,53,55.1,56.1,57.1,58.1,59,59.9,61,62.9,66.1,67,69,70,71.1,72.1,73.1,74.1,75.1,76,77.1,78,78.9,81,84.1,85,86.1,87,88,89,91.1,93,94.9,97,100,100.9,102,103.1,104.1,105,106.1,107,113,114,115,116,117,118,119,120.1,121,124.9,128,129,130.1,131.1,132,133,134.1,135,137,140.5,140.8,143,144.1,145,146,147.1,148.1,149.1,150,151.1,152,153,155,155.9,158.1,159,159.9,161,163,168,169,170.1,172,173.1,174.1,175,176,177,178,179.1,180,181,188.1,189,189.9,191,192.1,193.1,194.1,195,196.1,198,202.1,203.1,204.1,205,207,208,209,217.1,218.1,221.1,222,223,224,225,226,228,242,243.1,244,245.1,246,248.1,248.9,250.1,262.1,263,266.1,267.1,268.1,281,316.1,317.1,318.1,360.1,361.1","1938,1188,3126,2330,3132,260,1102,224,157,204,200,157,520,1805,3016,1366,1402,236,399,213,595,216,601,506,408,2239,41424,3728,9495,919,4494,678,377,448,248,209,998,1457,422,316,309,546,268,279,2068,489,378,7282,1048,718,425,486,161,230,680,630,1363,293,624,504,345,218,156,173,2721,2223,605,2391,1090,924,391,214,220,226,1797,432,510,24016,3888,2533,471,6666,1350,871,278,209,1629,342,424,176,327,2230,333,577,215,155,8568,1484,835,3155,1223,427,822,250,522,453,166,696,8241,1708,824,698,211,626,1469,269,208,355,648,169,152,558,446,3497,807,595,918,384,198,671,1387,4590,1282,476,205,272,247,236,720,270,1504,466,258,299,1333,352,254,303,150"
"27","HMDB01870","Benzoic acid","14.694","881.652","1251.846","2670248","803.804","99.21","94.26","80.25","130","132","84.08","81715130","14.612","14.815","NORMAL","41.1,42.1,43.1,44.1,45.1,46,47,48,49,50.1,51.1,52.1,53,54,55.1,56.1,57.1,58.1,59.1,60,61,62,63,64,65,66,67,68,69.1,70,71,72.1,73.1,74.1,75.1,76.1,77.1,78.1,79,80,81,82,83,84,85,86.1,87.1,88.1,89.6,91.1,92.1,93,94,95,96,96.9,99,100,101,102,103,104.1,105.1,106.1,107.1,108,109,109.9,114,115,116,117,118.1,119,120,121,122.1,123,128.1,129,130,131,132.1,133.1,134.1,135.1,136.1,137.1,138.1,143,145,146.1,147.1,148.1,149,150,151.1,157,161,163,164,165,171.1,172.1,173,174.1,175,175.9,177.1,179.1,180.1,181.1,182,183.1,186.1,188.2,189.1,190.1,191,192.1,193.1,194.1,195.1,196.1,197,204,207,208.1,215.2,221.1,248.9,281.1","1690,1862,11220,5113,21936,1723,9014,489,661,10057,43368,2601,2235,501,1900,1837,3754,3226,5324,1675,2354,662,952,380,2061,1055,1004,311,899,961,1208,4023,26824,7638,23752,14634,269440,19728,1659,220,749,445,732,288,1105,784,1854,214,25536,4828,988,1951,340,1278,725,282,1624,687,512,377,1916,4840,441600,34088,4086,426,641,150,238,559,246,825,722,5539,1507,6839,1012,507,166,304,506,1100,521,1735,5195,398464,54824,16416,1196,153,231,753,7898,1407,5149,1708,845,190,322,2993,2130,537,3756,805,717,214,785,280,722,806848,121768,37136,3501,290,247,152,4725,757,647,432,15824,83960,14151,3872,422,284,816,178,151,344,218,253"
"28","HMDB00622","Ethylmalonic acid","15.776","946.545","1291.679","7556735","801.579","99.41","97.08","88.84","191","198","88.35","213763867","15.68","15.884","NORMAL","40.1,41.1,42.1,43.1,44.1,45.1,46.1,47.1,48,49,51,52,53,55.1,56.1,57.1,58.1,59.1,60.1,61.1,62,63,64,65.1,66.1,66.8,68.1,69.1,70.1,71.1,72.1,73.1,74.1,75.1,76.1,77.1,78,79.1,80,81,82,83.1,84.1,85.1,86.1,87.1,88,89,90,91,92,93.1,95,96.1,97.1,98.1,99.1,100.1,101.1,102,103,104,105,106,107,108.7,109.8,111,112.1,113.1,114.1,115,116,117.1,118.1,119,120,121,123.1,124.9,126,127.1,128.1,129.1,130.1,131.1,132.1,133.1,134.1,135.1,136,137,141.1,142.1,143.1,144.1,145.1,147.1,148.1,149.1,150.1,151.1,152,153.1,156.1,157.1,158.1,159.1,160.1,161.1,162.1,163.1,164.1,165.1,169,171.1,172.1,173.1,174.1,175.1,176,177,178,179,185.1,186.1,187.1,188.1,189.1,190.1,191.1,192,193,194,194.9,201.1,202,203.1,204.1,205.1,206.1,207.1,208.1,209,211,215.2,217.1,218.1,219.1,220.1,221.2,222,223.1,225,229.1,230.2,231.2,232.2,233.2,234.2,235.1,236.1,243.1,245.1,246.1,247.1,248.1,249.1,250.1,251.1,252,252.9,259.2,261.1,262.2,263.1,264.1,265.1,266.1,276.2,277.2,278.1,279.2,281.1,283.1,284,299.1,300.1,301.1,302.1,314.2,315.1,316.1,349.2,350.2,423.3,424.3,425.3","1883,14291,6374,25656,21944,108008,7568,25728,1266,890,1195,2848,2327,324672,12879,9222,12960,33776,5992,18664,1288,795,152,618,15727,2489,4634,63536,47760,9381,36496,848256,78880,189312,13068,8489,1055,914,158,819,200,2946,1050,9800,1789,5225,946,4019,516,897,172,384,641,354,11856,2877,20328,3262,4812,2086,7150,1303,5249,666,540,1565,167,654,281,3048,912,11420,4026,30752,3882,7755,1035,725,19704,538,196,17160,3172,83080,10618,60080,9829,115016,15853,10940,994,387,790,3369,77824,14140,6800,2665472,441920,257152,26912,7504,530,232,221,5457,2674,25976,3939,2747,2403,2281,474,264,341,31904,4154,23016,3880,5148,971,1488,300,419,904,14906,3887,1214,5889,10140,7440,1869,1074,265,218,2320,609,3238,63416,13794,5932,2643,413,268,380,857,453888,92424,41552,5872,1475,185,157,386,354,198,5186,95952,29816,10558,2250,406,198,15784,3227,1952,90008,18800,8405,1296,253,194,448,307648,65080,29160,4451,840,154,7218,1863,792,214,191,877,258,15660,3806,2118,460,3128,822,395,596,201,983,428,212"
"29","HMDB00622","Ethylmalonic acid","15.986","959.142","1299.094","60310","522.303","91.08","50.12","36.28","78","78","52.02","13122159","15.795","16.177","SKEWED","41.1,42.1,43.1,44,45,47,51,53,55.1,56.1,57.1,58,59.1,60.9,66.9,69,70,71.1,72,73.1,74.1,75,76.1,77,78,79.1,83,83.9,85,86,87.1,91.1,93,95,99.1,100,101.1,102.9,105,115.1,117,120,127,127.9,129,131,133.1,133.9,135,136,143,145,147.1,148.1,149,163,171,177,189,191,191.9,192.9,194.1,204,207,217.1,218.1,221,231.1,232.2,248,249,261.1,262.1,281,299.1,300.2,314","1662,905,2167,2170,1510,845,207,171,1442,1219,2203,657,539,234,153,799,501,427,644,5168,593,7239,573,1125,310,240,214,167,213,625,1032,254,438,210,218,161,217,268,300,255,349,156,389,159,388,376,745,189,293,214,418,183,7967,1373,865,255,299,295,458,331,190,159,196,165,445,1120,353,240,306,248,282,185,649,170,387,838,157,202"
"30","HMDB00254","Succinic acid","16.552","993.116","1324.383","82168","702.344","98.94","65.84","38.76","69","69","60.24","17880332","16.361","16.743","SKEWED","41.1,42,43.1,44,45,47,53,55,56,57.1,58.1,59,61,69,70,71,72.1,73.1,74.1,75,76,77,78,79,84,85.1,86.1,87.1,91.1,93,95,101,103,105,113,115.1,116.1,116.9,117.9,119,128.1,129,129.9,131.1,133,135,143,145.1,147.1,148.1,149,150,163,170,172,173,174.9,177,191,207,216.9,218.1,221.1,247.1,248.1,249,253,262,281","1369,885,2237,2160,1689,1022,152,1306,1884,1971,694,507,471,289,295,407,785,8537,969,8452,786,1152,319,187,153,226,608,912,337,384,193,217,265,222,217,389,455,369,151,173,204,948,219,415,868,264,268,171,20792,3241,1804,274,297,180,1034,559,188,281,176,440,176,220,150,3275,829,453,188,229,191"
"31","HMDB01895","2-Hydroxybenzoic acid(salicylic acid) (1TMS)","17.163","1029.76","1351","80421","296.515","96.3","34.99","43.6","75","105","49.96","17495589","16.972","17.354","SKEWED","41.1,42.1,43.1,44,45,46,47,55,56.1,57.1,58,59,61,62.9,69,70,71.1,72.1,73.1,74.1,75.1,76,77,77.9,79,81,83,85,86.1,87.1,91.1,93,95,99,100,101.1,102,103.1,104,105,115,116,117,118,119,129,131,133,134.9,143,147.1,148.1,149,163,168,176,177,178,188,189.1,191,192,192.9,205,207.1,208,209,210.1,211.1,221,225.1,226,229,234,235,248,249,251,252,252.9,255.9,265,267,279,281.1,282.1,282.9,295.1,299,306.1,307,322.1,323,369,372.1,392.1,393.1,410.2,411.3,412.2,413.2,414.1,464.2,465.2,466.2","1359,821,1871,2032,1587,170,695,453,1151,2202,587,553,278,154,291,206,283,602,13329,1248,6862,633,1224,225,160,159,180,306,442,943,312,383,231,174,431,562,163,512,152,179,406,526,719,153,218,194,239,429,160,168,2394,395,358,295,410,166,424,295,226,364,637,243,442,173,7533,1693,879,188,366,229,798,206,420,170,153,247,505,216,519,269,158,315,222,178,1150,350,220,229,182,291,165,596,188,198,176,749,246,2818,1298,696,253,167,548,250,196"
"32","HMDB00661","Glutaric acid","18.632","1117.94","1414.028","7443962","806.732","99.99","99.31","86.93","173","177","87.67","191767047","18.575","18.741","NORMAL","40.1,41.1,42.1,43.1,44.1,45.1,46.1,47.1,48,49,50,51,52.1,53.1,55.1,56.1,57.1,58.1,59.1,60.1,61.1,62.1,63,64,65.1,66.1,67,68.1,69.1,70.1,71.1,72.1,73.1,74.1,75.1,76.1,77.1,78.1,79,81,82,83,84.1,85.1,86.1,87.1,88.1,89.1,90.1,91.1,92.1,93,95,96.1,97.1,98.1,99.1,100.1,101,102,103,104,105,106,107,109,111.1,111.9,113.1,114.1,115.1,116.1,117.1,118,119,120,120.9,123.1,124.9,126,127.1,128.1,129.1,130.1,131.1,132.1,133.1,134.1,135.1,136,137.1,141.1,142.1,143.1,144.1,145.1,147.1,148.1,149.1,150.1,151.1,152,153.1,155,156,158.1,159.1,160.1,161.1,162.1,163.1,164.1,165.1,166.1,167.1,169,170.1,171.1,172.1,173,174.1,175.1,176,177,178,179,184.1,186.1,187.1,188.1,189.1,190.1,191.1,192,193,201.1,203.1,204.1,205.1,206.1,207.1,208.1,215.1,217.1,218.1,219.1,220.1,221,222,231.1,232.2,233.1,234.1,235.2,236.1,237.1,243,245.1,246.1,247,253,258.3,259.2,261.2,262.2,263.2,264.1,265.1,266.1,275.2,276.2,277.1,278.1,281.1,349.3,350.3,423.2","1587,13521,12436,39760,16568,80528,5617,35040,1654,1226,151,1063,1156,2296,329536,12295,7826,16552,21992,6969,32752,2186,1431,187,346,4054,1077,9693,19288,6291,6021,64208,688832,70144,312192,22128,13910,662,448,718,208,1124,1084,22488,4053,4766,12076,9776,1444,1369,212,368,2265,2539,147200,10301,16280,3267,27936,4645,6252,1137,2875,354,379,451,1415,311,7572,1563,17560,126168,66832,10624,6993,819,390,34320,577,205,9602,4754,173376,89416,40568,11434,73784,10252,7389,848,314,469,3754,24888,3879,35232,1639936,266048,212480,25176,9465,916,253,244,461,392576,97120,23000,4302,14555,8752,1925,1194,200,154,799,517,11322,1783,2351,440,955,324,766,251,152,161,164032,74072,15285,37256,7559,6332,1096,583,6534,109744,161536,36504,13683,2403,421,151,17408,3481,7379,1309,807,165,679,2035,145728,29752,13123,1698,457,410,1172,283,180,322,168,457,706496,150848,67368,9480,1885,401,298,5602,1393,562,251,697,203,359"
"33","HMDB00764","Benzenepropanoic acid","18.842","1130.54","1424.198","78173","284.825","99.3","29.07","37.37","71","78","47.09","17013963","18.651","19.033","SKEWED","41.1,42.1,43.1,44,45,47,55,56.1,57.1,58.1,59,61,66,67,69,70,71.1,72.1,73.1,74,75.1,76,77,78,79,85.1,86,87,88,89,91,93,95.1,97.1,99,100,101,101.9,103,105.1,114,114.9,116,117.1,118.1,119,129,130.1,131.1,132,133,135,143,145,147.1,148,149,158,159,163,175,176.1,177,186,188,189.1,191,203,204,207,221,233.2,234.1,249,253,261.1,262.1,281.1","1676,1005,1991,2095,2160,832,847,865,1616,806,747,398,186,184,238,221,388,1135,13696,1085,7939,525,1098,360,230,316,419,1370,176,240,328,365,195,287,270,159,368,154,338,151,207,542,430,6670,712,361,414,1568,6151,872,640,186,212,162,2671,449,548,573,172,252,1190,345,490,202,198,366,236,161,230,500,232,870,209,168,262,803,222,199"
"34","HMDB00764","Benzenepropanoic acid","18.899","1133.97","1426.947","84503","274.907","96.09","29.44","37.89","72","78","46.41","18383628","18.709","19.09","SKEWED","41.1,42.1,43,44,45,47,53,55.1,56.1,57.1,58.1,59.1,60,61,65.9,69,70.1,71.1,72.1,73.1,74.1,75.1,76,77,78,79,81,84,85,86,87.1,87.9,89.1,91,92.9,95,97,99.1,100.1,101,102,102.9,105,115,116,117.1,118.1,119,129,130.1,131.1,132.1,133,135,143,144,144.9,147.1,148,149.1,158,161.1,163,175.1,176,177,186.1,189.1,191,203,204.1,207,221.1,233.2,234.1,253,261.1,281.1","2054,1042,1952,2232,2379,851,154,706,885,1711,824,939,155,386,155,195,219,363,1225,17088,1323,8235,696,1138,261,182,160,158,289,351,1285,166,385,291,316,247,232,338,191,530,200,219,182,669,473,8408,930,470,387,1605,6740,915,505,164,210,198,165,2164,305,452,360,184,242,1182,251,364,150,508,266,152,199,372,245,1122,217,244,546,205"
"35","HMDB00764","Benzenepropanoic acid","18.982","1138.93","1430.907","72572","281.779","91.49","29.13","35.79","68","71","44.65","15794933","18.791","19.173","SKEWED","41.1,42.1,43.1,44,45.1,47,53.1,55,56.1,57.1,58,59,61,66.1,69.1,70,71,72.1,73.1,74.1,75.1,76,77,78,79,81,85,86,87.1,87.9,89,91,92.9,95,97,99,101,102.1,103,105,115,116,117.1,118,119.1,129,130.1,131.1,132,133,134.9,143.1,144.1,147,148.1,149,157.9,161,163.1,175.1,176,177,178,189.1,191,206.9,221,233.1,249,261.1,281","1698,886,1842,2143,2114,852,165,543,962,1592,757,732,337,181,170,175,305,935,13796,1076,7986,545,864,354,217,178,203,338,1206,206,229,310,400,204,151,358,467,173,314,156,619,367,6534,756,384,295,1475,6453,822,618,196,187,178,1645,303,353,238,179,318,1004,295,378,207,295,196,337,208,701,182,460,234"
"36","HMDB00448","Adipic acid","20.783","1246.96","1515.65","8615603","807.486","99.25","99.48","87.88","203","205","88.01","220051465","20.719","20.891","NORMAL","40.1,41.1,42.1,43.1,44.1,45.1,46.1,47.1,48.1,49,50.1,51,52.1,53.1,54.1,55.1,56.1,57.1,58.1,59.1,60.1,61.1,62.1,63,64.1,65.1,66.1,67.1,68.1,69.1,70.1,71.1,72.1,73.1,74.1,75.1,76.1,77.1,78.1,79,80.1,81.1,82.1,83.1,84.1,85.1,86.1,87.1,88.1,89.1,90.1,91.1,92.1,93.1,94.1,95.1,96,97.1,98.1,99.1,100.1,101.1,102,103.1,104,105,106,106.9,108.1,109.1,111.1,112.1,113.1,114.1,115.1,116.1,117.1,118.1,119.1,120,120.9,123.1,124,125,126.1,127.1,128.1,129.1,130.1,131,132.1,133.1,134,135,136,137,138.2,139.1,141.1,142.1,143.1,144.1,145.1,146.2,147.1,148.1,149.1,150.1,151.1,152,153,154.1,155.1,156.1,157.1,158.1,159.1,160.1,161.1,162.1,163.1,164.1,165.1,166.1,167.1,169,170.1,171.1,172.1,173.1,174.1,175.1,176.1,177,178,179,183.1,185.1,186.1,187.1,188,189.1,190.1,191.1,192.1,193,199.1,200.1,201.1,202.1,203.1,204.1,205.1,206.1,207.1,208.1,209.1,213.2,215.1,216.2,217.1,218.1,219.1,220.1,221.1,223.1,227.1,229.1,230.2,231.1,232.2,233.1,234.2,235.1,245.1,246.2,247.2,248.2,249.1,250.2,251,253,257.1,258.1,259.1,261.1,262.1,263.1,275.2,276.2,277.2,278.2,279.2,280.1,281.1,289.2,290.2,291.2,292.2,293.1,331,363.2,364.3,365.2,437.3","1074,14410,4979,22544,16345,83560,5897,38512,1861,1315,256,854,1062,5935,5790,269632,38032,10988,20984,29640,8598,44696,2975,1935,257,1409,2834,31136,8273,63360,6796,5594,34984,820864,84064,529344,38416,24688,2547,1974,570,9300,10944,199168,13001,12760,27424,7752,5786,9453,1525,4459,411,1883,237,1051,368,3726,4525,56040,7493,13251,3763,6226,976,2339,376,326,174,3611,968960,67176,16840,2171,15451,49640,193280,20632,12285,1074,629,879,251,2104,507,2674,5304,153664,71472,38280,24760,74288,11248,7833,918,447,182,1656,536064,81088,44672,6464,17496,10748,692224,109776,150656,19568,9167,925,449,3480,12871,15256,67080,21392,252672,32856,11757,2271,3308,641,584,189,415,418,366,12076,386624,62864,18656,3751,655,945,262,157,3944,198272,26560,8918,902,3950,3078,3025,764,481,2413,45704,28712,5789,10511,129696,26880,11629,2026,344,173,244,21536,4856,145984,36280,14204,2430,551,183,183,5190,1764,43608,9202,4333,820,271,3616,1419,28576,5949,2743,473,210,469,2363,562,536,949,1462,370,534400,118448,51504,7909,1471,155,222,924,6940,2152,981,193,199,856,391,172,160"
"37","HMDB01895","2-Hydroxybenzoic acid(salicylic acid) (2TMS)","20.98","1258.8","1525.868","68313","375.324","97.96","7.58","35.47","83","93","48.59","14867983","20.789","21.171","SKEWED","41.1,42.1,43.1,44,45,47,53.1,55.1,56.1,57.1,58.1,59,61,64.9,67.1,68,69.1,70.1,71.1,72.1,73.1,74.1,75.1,76,77,78.1,78.9,81,82,83.1,84,85.1,86,87,89,91,92.9,95.1,97,99.1,100.9,103,105,109.2,110,111,112.1,113,115,116,117,118.1,119.1,125.1,126.1,127.1,129.1,130.1,131.1,132.1,133,135.1,141.1,142.1,143,145.1,147.1,148,149,157,158,159.1,163,172.1,173,177,178.1,185,186,191,200.2,204.1,205.1,207,217.1,221,231.1,249,251,252.9,275.1,276,277.2","1246,648,1654,2296,1293,761,208,1992,905,2007,537,485,296,152,353,220,1379,579,1042,575,4932,541,8960,659,983,293,235,255,269,1405,449,634,418,418,167,301,410,268,356,522,230,413,229,162,188,3844,519,185,281,339,906,208,201,305,187,160,773,341,238,203,576,314,1999,402,335,165,2795,416,670,332,164,821,229,1142,276,410,166,604,214,259,181,437,400,584,417,171,150,182,225,407,1278,331,200"
"38","HMDB00555","3-Methyladipic acid","21.317","1279.03","1543.105","74183","325.794","95.45","20.63","35.83","86","87","46.78","16145559","21.126","21.508","SKEWED","41.1,42.1,43.1,44.1,45,47,52.9,55.1,56,57.1,58.1,59,60.9,67.1,68,69.1,70.1,71.1,72.1,73.1,74,75.1,76,77,77.9,79.1,81,82.1,83.1,84.1,85.1,86.1,87.1,88.1,91,93,95,96,97,98.1,99.1,100.1,101.1,103,105,109,110.1,111,112.1,113.1,114.1,115,117,119.1,125.1,126.1,127.1,128,129.1,133,135,141.1,143,147.1,148,149,153.1,155.1,156.1,157.1,159,161.1,163.1,169.1,172,177,179.1,185.1,186,191.1,207,217.1,249.1,251.2,253,275,280.9","1851,998,4435,3065,811,645,193,1428,1423,4722,601,338,168,404,198,1499,1631,3426,6506,2481,310,6156,514,794,232,232,291,186,791,758,2442,1533,574,168,265,412,358,150,367,212,1051,2530,320,251,196,169,163,1187,491,723,743,219,517,206,328,326,632,395,280,331,225,517,190,1106,213,321,181,364,232,497,237,301,282,356,226,446,162,1519,175,203,499,170,158,164,410,202,156"
"39","HMDB00930","(E)-Cinnamic acid (1TMS)","21.521","1291.24","1553.377","153205","54.143","99.17","21.6","57.58","114","126","50.25","4290076","21.483","21.553","NORMAL","41.1,42.1,43.1,44,45,45.9,47,53.1,55.1,56.1,57.1,58.1,59,61,64.9,67,68,69.1,70.1,71.1,72.1,73.1,74.1,75.1,76.1,77,78,79,80,81.1,82.1,83.1,84.1,85.1,86,87,88,91,91.9,93,94,95.1,96,97.1,98,99.1,100.1,101,103,105.1,107,109,110,111.1,112.1,113.1,113.9,115,116.1,117.1,119.1,124.1,125.1,126.1,127,128.1,129,131,133,135,141.1,143,145,147.1,148.1,149,151,153.1,154.1,155,156,157,159.1,161,163,165,167.1,169.1,170.1,172.1,173,175.1,176,177,178.1,179,185.1,189.1,190.1,191.1,192,193,205,207.1,208.1,217.1,219,221,233.2,235.1,247.2,248.1,249,253,254,261.1,263.2,264.2,265.2,266.2,267,278.2,279.2,280.2,281,331","2509,781,3100,2396,1566,154,722,262,1476,1005,6323,650,556,221,181,366,282,1802,957,2382,1628,10378,1029,6816,487,927,330,331,176,526,510,1200,854,1569,501,686,213,778,176,533,155,421,195,464,238,625,598,192,365,314,248,158,199,1154,435,380,161,635,306,560,280,351,381,215,345,457,429,453,414,357,412,242,200,1010,179,482,475,191,219,158,151,150,336,313,372,227,168,241,154,218,186,817,296,635,195,482,316,243,180,928,225,193,488,1089,232,226,215,361,241,278,653,220,201,477,169,155,44976,10137,2409,404,193,7761,1994,457,231,153"
"40","HMDB00020","p-Hydroxyphenylacetic acid","23.436","1406.14","1652.849","72703","303.136","98.64","24.02","36.43","94","107","47.04","15816538","23.245","23.626","SKEWED","41.1,42.1,43.1,44,45,47,53,55,56.1,57.1,58.1,59,60.9,64.9,67,69,70.1,71.1,72.1,73.1,74.1,75.1,76,77,78,79.1,81,83.1,84,85.1,86,87.1,91.1,93,95,96.2,97.1,98.1,99,100,103,105,109.1,109.9,111,112.1,113,115.1,117,119,124.1,124.9,127,129,130.9,132.1,133,135,138.9,141.1,142.9,147.1,147.9,149,154.1,163.1,165.1,166.9,175,176,177,178,179,182.2,183.1,189,191.1,193,205,207,220.9,223.1,233.1,235.1,236.1,237,239.1,249.1,250.2,251.1,252.1,253,254.1,265.2,266.2,281,307.1,321.2,323.2,324.2,325.2,327.1,331.1,338.2,339.3,340.3,341.2","1083,504,1782,2242,1156,567,164,816,760,2422,434,323,172,180,310,635,463,1442,351,5614,656,5842,507,849,287,221,347,446,453,1142,225,254,393,437,429,218,487,288,455,194,207,323,171,165,355,258,328,339,381,224,154,222,229,204,156,177,437,356,152,186,155,786,152,498,306,246,198,152,162,158,568,166,325,194,199,150,364,363,162,594,172,223,164,1003,208,203,234,363,204,336,226,562,151,164,222,344,252,297,5305,1555,700,157,162,8845,2854,1082,191"
"41","HMDB00439","2-Furoylglycine","23.709","1422.56","1667.415","64169","120.364","98.34","-7.11","38.43","88","102","42.49","13966062","23.518","23.9","SKEWED","41.1,42.1,43,44,45.1,47,53,55,56.1,57.1,58.1,59,67.1,69.1,70.1,71.1,72.1,73.1,74.1,75,76,77,77.9,79,81,82.1,83.1,84.1,85.1,86.1,87.1,91.1,93,95,96,97,99,100,103,105,109,111.1,113.1,117,119,125.2,127.1,129,131,133,135,141.1,145.1,147.1,148.1,149,163.1,177,191.1,193,197.1,204.9,207,207.9,209,221.1,222.1,223,224.1,248.9,251,253,265.1,266,266.9,281.1,282,283.1,295.1,296.1,325.1,327,328,328.9,341.1,342.1,343.1,355.1,382.9,399,400,401,415.1,416.1,417.1,429.1,430.2,503.2,591.3,592.4,593.3,594.3","844,492,1263,2356,978,487,152,759,492,1530,305,405,323,578,349,899,403,5923,600,5456,410,628,225,214,274,169,422,272,667,231,327,314,368,360,224,450,345,162,193,200,182,375,232,289,202,154,174,175,325,406,204,154,276,3855,593,608,209,485,312,220,173,188,1521,352,233,4687,1087,586,152,161,201,342,170,174,239,1546,476,250,565,262,296,959,238,224,1249,433,210,331,153,417,170,158,791,275,211,406,230,150,1447,938,667,323"
"42","HMDB00893","Suberic acid","24.434","1466.07","1705.923","59887","379.436","98.17","34.38","31.58","78","81","46.81","13028417","24.244","24.625","SKEWED","41.1,42,43.1,44,45,47,53,55.1,56.1,57.1,58.1,59,67,68,69,70.1,71.1,72.1,73,74,75,76,77,78,79,81.1,82.1,83.1,84.1,85.1,86.1,87,91,93,95,96.1,97.1,98.1,99.1,100,103,105,109.1,110.1,111.1,112.1,113.1,115,116.9,119,125.1,126.1,127.1,128.1,129.1,133,135,140.1,141,142.1,147,148,149,154.1,155.2,156.1,163,169.2,177,178.9,182.2,183.2,191,192.9,197.1,207.1,221,251.1,253,281.1,295.1","1838,605,3169,2523,736,570,177,1601,1292,5835,444,230,392,254,1249,860,5072,505,1269,252,5179,409,721,221,239,492,292,869,642,2824,331,197,252,356,469,315,989,343,1320,213,190,264,256,194,724,890,1353,195,291,200,268,369,753,194,235,268,242,220,350,150,1210,223,306,236,442,201,212,238,533,161,260,651,236,201,152,522,175,169,200,161,210"
"43","HMDB00958","trans-Aconitic acid (3TMS)","25.363","1521.8","1759.095","71416","207.758","91.65","21.23","28.53","91","92","38.83","15536551","25.172","25.554","SKEWED","41.1,42.1,43.1,44,45,47,53,55.1,56,57.1,58,59,67.1,68,69.1,70.1,71.1,72.1,73,74,75,76,77,77.9,79,81,82,83.1,84.1,85.1,86.1,87,91.1,93,94,95,96.1,97.1,98.2,99.1,100,103,105,109.1,110.1,111.1,112.1,113.1,114.1,115.1,117.1,123,124,125.1,126.1,127.1,128.1,129,133,135,139,140.1,141.1,147.1,149,151,153.2,154.1,155.1,156,163.1,167.1,168,169.1,177,179,183.1,191,193.1,195.1,207,208.1,209.1,210.2,211.2,221.1,222.1,249.1,251,263.1,281,327.1","1795,484,3256,2609,697,407,188,2321,959,4496,343,222,505,370,4070,1690,4354,446,1245,171,4970,447,731,194,236,438,570,2327,1294,3045,371,194,333,369,167,628,400,1340,360,1253,200,225,206,406,545,2397,1111,834,153,164,236,199,161,1192,484,641,179,240,341,354,250,173,459,509,293,176,755,515,338,161,257,169,195,294,478,308,184,386,611,155,1236,258,227,217,214,851,166,171,184,276,180,160"
"44","HMDB00958","trans-Aconitic acid (3TMS)","25.561","1533.64","1770.141","96152","206.337","97.9","13.12","30.41","97","97","40.97","20927002","25.37","25.752","SKEWED","41.1,42.1,43.1,44,45,47,53.1,55.1,56.1,57.1,58.1,59,65,67.1,68,69.1,70.1,71.1,72.1,73.1,74,75.1,76,77,78,79,81,82.1,83.1,84.1,85.1,86.1,87,91,93,95,96,97.1,98.1,99.1,100,102.9,104,105.1,109.1,110.1,111.1,112.1,113.1,115,117,119,123.1,124.1,125.1,126.1,127.1,128,129.1,131,133.1,135.1,137,139.2,140.1,141.1,142.9,147.1,148,149,151,153.2,154.2,155.1,163,167.1,168.1,169.2,176,176.9,179,183.2,191,193,196.1,197.1,205,207,217.1,218,221.1,222.1,235.1,238.2,249,271.2,327","2406,701,4828,2588,773,533,334,3359,1141,6340,481,239,196,731,502,7191,2336,5363,518,1545,174,5169,403,817,332,338,595,895,4024,2522,4418,474,222,360,417,824,337,2407,362,1475,198,230,241,255,664,912,4499,1929,986,191,245,192,284,246,2020,954,804,157,164,160,329,389,165,564,214,355,155,733,172,291,171,1526,926,282,178,249,311,252,162,440,232,164,209,227,189,192,153,498,547,188,474,189,153,259,219,182,161"
"45","HMDB02285","2-Indolecarboxylic acid  (1TMS)","25.713","1542.8","1778.628","79213","232.123","99.37","-2.42","34.62","81","86","44.15","17232788","25.522","25.904","SKEWED","41.1,42.1,43.1,44,45,47,53,55.1,56.1,57.1,58.1,59,61,67,68.1,69.1,70.1,71.1,72.1,73.1,74,75.1,76,77,78,79.1,81,82.1,83.1,84.1,85.1,86.1,87,91.1,93,95,96.1,97.1,98.1,99.1,105,109.1,110,111.1,112.1,113.1,115,117,119,123,125.1,126.1,127.1,127.9,131,133,135,139.1,140,141.1,147,149,152.1,153.2,154.1,155.2,156,163.1,167.1,168.2,169.1,176,177,177.9,179,191.1,193.1,207,208.9,221.1,235.1,236,238.1,249,253.1,327","2008,666,3703,2661,627,497,207,2495,1018,5574,386,210,175,576,452,5520,1635,5171,500,1182,183,5233,460,746,302,272,577,642,3324,1945,3607,372,202,325,465,641,283,1802,350,1465,189,405,552,2906,1343,998,211,210,191,233,1521,753,605,173,188,298,353,385,151,420,477,258,166,1176,715,349,150,238,177,242,341,168,487,192,334,219,468,501,178,182,617,150,279,183,222,162"
"46","HMDB00118","Homovanillic acid","25.936","1556.16","1790.916","68252","194.743","95.13","-0.64","34.63","89","90","42.18","14848223","25.745","26.127","SKEWED","41.1,42,43.1,44,45,47,53,55.1,56.1,57.1,58.1,58.9,65.1,67,68,69.1,70.1,71.1,72.1,73.1,74.1,75,76,77,77.9,79,81,82,83.1,84.1,85.1,86.1,87,91,92,93,95,96,97.1,98.1,99.1,100.1,103,105,107,109,110.1,111.1,112.1,113.1,115,117,119,123.1,124.1,125.1,126.1,127.1,128,129.1,131,133,135,139.1,141,147.1,149,150.9,153.1,154.1,155.1,161.1,163,167,168.1,169,177,178.1,179,183.2,191,193,207.1,208.1,209.1,221.1,235.1,238.2,249.1,280.9","1701,563,2948,2546,694,502,174,1767,807,4020,321,247,193,522,280,3782,1300,3481,412,1447,231,5103,444,735,165,309,478,500,2104,1259,2556,258,210,447,155,381,582,346,1379,249,977,180,208,326,154,328,454,1955,1012,656,221,373,190,293,163,969,507,510,151,155,164,260,477,299,325,550,249,185,777,468,299,171,250,154,268,164,540,206,270,176,304,259,3989,784,252,270,155,175,214,175"
"47","HMDB00784","Azelaic acid, bis-TMS","26.203","1572.19","1806.236","9569378","808.157","99.98","99.75","93.48","258","259","90.98","285219570","26.133","26.343","NORMAL","40.1,41.1,42.1,43.1,44.1,45.1,46.1,47.1,48,49,50.1,51.1,52.1,53.1,54.2,55.1,56.1,57.1,58.1,59.1,60.1,61.1,62.1,63.1,64,65,66.1,67.1,68.1,69.1,70.1,71.1,72.1,73.1,74.1,75.1,76.1,77.1,78.1,79.1,80.1,81.1,82.1,83.1,84.1,85.1,86.1,87.1,88.1,89.1,90.1,91.1,92.1,93.1,94.1,95.1,96.1,97.1,98.1,99.1,100.1,101.1,102,103.1,104,105.1,106.1,107.1,108.1,109.1,110.1,111.1,112.1,113.1,114.1,115.1,116.1,117.1,118.1,119.1,120,121.1,122.2,123.1,124.1,125.1,126.1,127.1,129.1,130.1,131.1,132.1,133.1,134.1,135.1,136.1,137.1,138,139.1,140.1,141.1,142.1,143.1,144.1,145.1,146.1,147.1,148.1,149.1,150.1,151.1,152.1,153.1,154.1,155.1,156.1,157.1,158.1,159.1,160.1,161.1,162.1,163.1,164.1,165.1,166.1,167.1,168,169.1,170.2,171.1,172.1,173.1,174.1,175.1,176,177,178.1,179.1,180.1,181.1,182.2,183.1,184.1,185.1,186.1,187.1,188.2,189.1,190.1,191.1,192.1,193.1,194.1,195,196.2,197.1,198.2,199.1,200.2,201.2,202.2,203.1,204.1,205.1,206.1,207.1,208.1,209.1,210.1,211.2,212.1,213.1,214.2,215.2,216.2,217.1,218.1,219.2,220.1,221.2,222.2,223.1,224.2,225.2,226.2,227.2,228.1,229.1,230.1,231.2,232.1,233.1,234.1,235.1,239.1,240.2,241.2,242.2,243.2,244.2,245.2,246.1,247.1,248.1,249,250.1,251.1,253,255.1,256.1,257.2,258.2,259.2,260.2,261.2,262.1,263.1,265,266.2,267,271.1,272.2,273.2,274.2,275.2,276.2,277.2,278.2,281.1,283.1,284.1,287.2,288.2,289.2,290.1,291.1,292.2,299.2,300.2,301.2,302.2,303.2,304.2,317.2,318.2,319.2,320.2,321.2,322.2,331.2,332.3,333.3,334.3,335.2,391.3,405.3,406.2,407.2","1389,25496,8736,46496,12600,56040,3784,24960,1308,912,216,569,471,3961,3918,226368,16888,16624,12300,20008,6525,35896,2245,1459,168,1058,1595,66696,8203,47504,6392,10175,41936,696256,72128,523968,37640,27080,1991,51472,8949,63656,12987,108680,12063,14416,8930,5507,7079,13855,2326,15815,2440,55512,5203,16203,16456,92056,17816,20200,3170,14761,3185,9016,1064,13167,3442,82904,8802,37248,14112,85512,7599,3737,1268,10223,79056,276544,29168,14794,1177,2116,987,42808,67688,47352,4506,3798,283904,40304,42984,34328,65408,13640,55864,5594,11915,1210,1470,385,7142,4300,31528,4706,50312,9252,276864,47896,372224,54568,65304,317440,76224,7614,16374,13904,25016,5868,25232,3991,2919,7973,5414,1294,5616,964,4931,1264,15715,12086,92408,19408,13040,5045,1835,564,1778,444,1021,424,7171,2311,81512,14104,75592,17672,10968,34720,27984,9257,19616,3389,2258,313,498,877,24232,5946,105488,45800,625536,104504,46152,308096,70040,28408,5552,1205,35040,6169,3480,577,1406,79264,17504,5821,176832,39824,16848,2609,795,162,355,1087,20760,3823,11633,1841,1883,451,13141,3224,1536,364,253,176,154,3007,28168,29000,6093,9345,2894,1544,676,408,154,237,178,747,226,6096,1617,6402,2400,1004,452,154,170,154,168,1219,1588,77608,18592,8245,8181,1892,801,212,742,150,790,908,3148,1727,598,180,6797,1803,11902,2960,1686,385,1091584,286592,115632,20008,3517,456,2588,3429,2284,714,230,199,1120,416,192"
"48","HMDB00094","Citric Acid","26.986","1619.14","1853.597","76428","277.691","96.06","22.12","33","98","104","44.04","16626911","26.795","27.176","SKEWED","41.1,42,43.1,44,45,47,55,56.1,57.1,58.1,59.1,60.9,67,68.1,69.1,70,71.1,72,73,74.1,75.1,76,77,78,79,81.1,82,83.1,84.1,85.1,86.1,87,89.1,91,93,95,96,97.1,98,99.1,100.9,102.9,105,107,109,110.1,111,112,113.1,115,116,117,118,118.9,121.1,124,125.1,128.1,129,130,131,132.1,133,134,135,141,143,145.1,146,147.1,149,152,159,163.1,171.1,176,177,178.1,179,185,187,189,191.1,193,199.1,201.1,202.1,204,205.1,207,209.1,215.1,217,241.3,243.2,251.1,257.1,281,285.3,286.3,287.2,300.3,317.1,318.2","1311,477,1614,2995,840,582,1493,626,1289,277,313,346,539,192,1043,332,702,415,5633,696,8933,648,944,268,387,523,196,682,380,688,187,200,202,347,490,630,297,600,301,357,151,259,369,247,211,167,435,172,150,202,361,5485,603,368,152,151,295,192,2443,369,975,2880,831,221,454,216,344,1582,263,825,545,246,348,324,328,220,515,171,159,333,238,152,167,166,150,803,161,246,152,561,190,192,269,272,160,268,299,206,5334,1242,329,525,573,185"
"49","HMDB00220","Hexadecanoic acid (Palmitic acid)","30.148","1808.86","2051.812","410576","793.149","98.85","92.39","55.82","163","165","71.48","14666493","30.097","30.211","NORMAL","41.1,42.1,43.1,44,45.1,46,47,50.9,53,54,55.1,56.1,57.1,58,59,60,61,62,65,67.1,68.1,69.1,70.1,71.1,72,73.1,74.1,75.1,76,77,78,79,80.1,81.1,82.1,83.1,84.1,85.1,86,87,88.1,89,90.1,91,92.1,93,94,95.1,96.1,97.1,98.1,99.1,100,101,102,103,105,107.1,108.1,109.1,110,111.1,112.1,113,115,116.1,117.1,118,119,119.9,121,123.1,124.1,125.1,126.1,127,128,129,130.1,131.1,132.1,133.1,134.1,135,137,139.1,140,141,143,144.1,145.1,146.1,147.1,148,149,153.1,154.1,155.1,157,159.1,160,160.9,163.1,167,168.1,169,171.1,172.1,173.1,174,175.9,177,178.1,179.1,182.1,185,186,187.1,188.1,189,191.2,193,195.1,199.2,201.1,202.1,203.1,206.1,207,208,209.1,213,215.1,216.1,227.2,229.1,230.2,241.1,243.1,244.1,245.1,249,251,255.2,257.1,258.2,269.3,270.3,271.2,281,283.3,285.3,286.2,287.2,299.2,300.2,311.2,313.3,314.3,315.3,316.2,327.3,328.3,329.3,330.2","5223,1403,7743,4056,1998,178,1331,166,384,474,7769,1690,4657,730,869,314,1583,166,237,2034,556,4536,1049,2254,1285,34528,3440,28720,2295,1781,277,675,179,2355,614,3054,1523,1520,528,431,188,1101,241,677,168,962,204,2675,500,2699,2042,1135,220,470,152,324,1261,617,181,991,316,1386,851,514,503,2538,47000,4549,1938,163,594,275,206,457,359,436,284,18544,2334,6539,27376,5482,1407,791,179,183,220,182,1685,344,15176,1882,1148,166,462,224,385,323,466,1668,263,170,590,206,226,190,1174,201,521,329,262,819,315,228,228,1752,363,1829,586,220,214,242,420,516,4780,891,233,162,844,207,247,446,535,196,683,972,268,459,1334,310,155,155,193,357,964,221,2823,682,544,227,364,2650,760,169,702,221,235,49200,11976,3357,507,355,6143,1666,468"
"50","HMDB00220","Hexadecanoic acid (Palmitic acid)","30.262","1815.73","2059.672","64912","616.069","92.5","52.36","34.93","102","103","54.45","14121606","30.071","30.453","SKEWED","41.1,42.1,43,44,45,47,55.1,56.1,57.1,57.9,59,61,64.9,67.1,68,69.1,70.1,71.1,72,73.1,74.1,75.1,76,77.1,78,79,81.1,82.1,83.1,84,85,86,87,89.1,91,92.9,95.1,95.9,97,98,99,103,105,107.1,109.2,111,112,113,115.1,116,117.1,118.1,119,121,125,127.1,128.1,129,130,131,132.1,133.1,134.1,135.1,141.1,143.1,145.1,146.1,147.1,148,149.1,155.1,159.1,161.1,163,169.2,171,176.1,177,178,178.9,185,187,190.9,192.9,201.1,202,206.1,207.1,208,209,219.1,221.2,249,251.1,269.1,281,285.2,313.3,314.2,315.3,328.2,329.3","1063,438,1619,3468,801,547,1068,496,1441,219,288,238,202,309,167,779,485,1056,291,3712,476,7279,546,871,270,333,373,211,553,346,921,164,160,186,338,430,413,171,415,334,550,236,337,156,206,260,233,373,226,271,4170,499,338,152,251,308,166,1746,257,602,2281,741,199,426,249,391,1310,212,697,153,274,197,169,182,517,219,167,242,726,290,200,153,186,172,199,466,150,175,852,212,179,155,255,165,209,242,341,260,4026,917,235,490,162"
"51","HMDB00827","Octadecanoic acid (Stearic acid)","33.042","1982.54","2249.623","329500","794.697","99.98","91.48","54.34","169","170","71.01","12949163","32.998","33.1","NORMAL","41.1,42.1,43.1,44,45,47,53,54.1,55.1,56.1,57.1,58.1,59.1,60.1,61,65,67.1,68.1,69.1,70.1,71.1,72.1,73.1,74.1,75.1,76,77,77.9,79.1,81.1,82.1,83.1,84.1,85.1,86.1,87,89.1,90,91.1,92,93,94.1,95.1,96.1,97.1,98,99,100.1,101,103,105,107.1,108.1,109.1,110,111.1,112.1,113.2,115,116,117.1,118,119,121.1,123.1,125.1,126,127,128,129,130,131.1,132.1,133.1,134,135,136,137.1,139,140.1,141.1,143.1,144.1,145.1,146,147,147.9,149.1,153.1,154.1,155.1,157.1,159.1,160.1,161,163.1,167.1,168.2,169.1,171.1,172.1,173.1,174.1,176,177,178.1,178.9,185.1,186.1,187.1,188.1,189.1,191,192.9,196.1,199.1,201.1,202.1,203,206.1,207,208.1,209,210.2,213.1,215.1,217,223.2,227.1,228.3,229.1,235,241.1,242.1,243.2,244.2,249,251,253,255.1,257.2,258.2,259.2,266.2,267,269,271.2,272.1,280.9,283.2,285.2,297.3,298.2,299.2,311.1,313.3,314.3,315.2,327.2,328.3,339.3,340.4,341.3,342.4,343.3,344.3,355.3,356.4,357.4,358.4","3855,1031,6756,4558,1686,1041,291,414,5873,1407,4860,559,764,186,1061,192,1548,543,4297,1156,2600,1052,25488,2539,21648,1516,1618,278,681,1897,618,2503,1231,1487,392,373,787,157,520,178,872,162,2052,651,2294,1602,1070,175,358,323,942,521,152,907,289,1520,786,604,417,1963,34432,3579,1624,573,369,646,298,504,219,14140,1923,4474,20904,5126,1273,1072,177,158,265,160,324,1289,233,12473,1884,1083,157,405,314,357,271,485,1388,243,210,616,195,211,292,911,157,456,366,360,1065,325,219,1638,270,1442,503,202,290,236,158,356,4128,651,336,167,1225,243,293,300,381,545,177,251,516,150,354,157,491,174,925,265,230,214,267,488,1405,371,160,199,199,232,667,177,263,318,238,1846,443,517,254,2306,533,209,381,199,223,216,33880,9058,2482,392,294,6130,1840,441"
"52","HMDB00067","Cholesterol","43.903","2634.15","3162.422","110098","322.866","91.99","21.75","41.51","159","159","48.84","23962279","43.712","44.093","SKEWED","41,42,43.1,44,45,47,51,52,53,55,56,57.1,59,61,62.9,65,67,69.1,70.1,71,72,73.1,74,75,76,77.1,78,79,81.1,82.1,83,84.1,85,87,89,91.1,92,93.1,94,95,96,97,99.1,100.9,103,104,105,107,108.1,109,111.1,114.9,116.1,117,117.9,119,119.9,121.1,127.1,128,129.1,130.1,131,133.1,134,135,136,137,143,145,147,148,149,150,154.1,155,156.1,157,158,158.9,161.1,162.1,163.1,164,164.9,169.1,171,173,175,176,177,178.1,179,180,180.9,183.2,187,189.1,191,192,193,194,195,197,201.1,203,204,205,207.1,208.1,209,210,211.1,217,221,222.9,235,237,243.1,249,250.2,251,252.2,253,254,255,265.1,266.1,267,268,269,281.1,282.1,283,285,309.1,315,325,327,328,329,331.1,332.2,341.1,342.1,343.1,344.1,346,347.2,355.1,356.2,357.1,377,403.1,405.1,406.1,415.1,429.1,430.1","576,265,725,8629,1066,581,209,179,187,514,279,529,380,229,197,290,300,322,195,372,200,3706,519,6230,561,1040,704,467,500,210,243,189,274,185,319,836,185,919,195,636,1547,405,156,201,684,206,631,470,243,157,164,422,204,786,219,711,226,552,174,236,396,165,419,1735,350,1785,255,232,361,318,1611,355,676,176,230,189,342,281,248,269,495,160,2134,286,417,228,182,159,150,698,2497,1072,592,163,198,155,157,264,1756,425,1064,199,494,457,267,153,193,197,13312,3096,2147,381,256,263,442,264,459,184,186,480,294,775,193,2077,724,413,295,490,762,269,460,3240,939,640,188,201,168,307,883,277,313,676,170,970,462,419,226,315,166,615,400,157,163,220,473,177,207,438,245"
"53","HMDB00067","Cholesterol","43.922","2635.29","3164.238","111062","319.14","92.95","23.22","40.73","156","157","48.53","24161538","43.731","44.112","SKEWED","41,42,43.1,44,45,47,51,52,55,56,57,59,60.9,62.9,64.9,67.1,69,70.1,71,72.1,73.1,74.1,75.1,76,77.1,78,79,81,82,83,85,87,89,91,92,93.1,95.1,96,96.8,99,100,101,102.9,104,105.1,107.1,108.1,109,110,111.1,115.1,116,117,117.9,119,119.9,121,123.1,127,128,129,129.9,131,131.9,133,134,135,136,142.1,143,145,146,147.1,148,149.1,149.9,154.2,156,156.9,158,159.1,161,162,163.1,164,165,165.7,169.1,171,173,175.1,176,177,178.1,179,189,191,192,193.1,194,195,197.1,201.1,205.1,207.1,208,209,210,211,213.2,217.1,221.1,222.9,235,243.3,249,250,251,252.1,253,254.1,255,264.9,266.1,267,268,269.1,271,281.1,282.1,283.1,284.2,285.1,309,315,325.1,327,328.1,329.1,331.1,332,341.1,342.1,343.1,346.1,347.1,355.1,356.2,357.2,377.1,403,405.1,406.1,415.2,429.2,430.2,431.1","636,272,729,8556,955,608,190,169,493,168,478,393,210,158,308,392,407,211,407,154,3958,559,5802,590,1082,849,331,583,288,262,228,169,282,844,218,1080,612,1420,465,173,158,261,583,243,638,496,195,247,176,251,514,197,762,251,748,258,517,156,182,193,487,174,357,168,1826,406,1646,326,158,315,398,169,1647,301,815,156,288,410,325,202,293,570,167,2036,376,433,228,223,196,151,167,822,2635,991,668,296,1724,389,997,321,450,417,264,208,13841,2859,2032,280,252,156,304,374,267,429,165,610,289,738,243,2405,498,417,343,510,842,237,564,180,3243,1031,660,171,180,182,191,326,760,231,271,662,222,1043,469,469,341,159,608,397,189,153,190,402,201,296,456,155,185"
"54","HMDB00067","Cholesterol","43.934","2636.05","3165.448","111934","318.411","93.59","20.44","42.04","161","163","49.29","24361875","43.743","44.125","SKEWED","41,42,43.1,44,45,47,49.9,51,51.9,55.1,56.1,57.1,59.1,60.9,63,65,67,69.1,70.1,71,73.1,74.1,75.1,76,77,78.1,79,81.1,82,83,85.1,87,88,88.9,91.1,92,93,94,95,96,97.1,99.1,101,102.9,104,105,107,108,109,111.1,115,115.9,117,118,119,119.9,121,125.1,126,127.1,128,129.1,130,131,131.9,133,133.9,135,136.1,137,141.1,143,145.1,146,147,148,149,153.1,154.1,155,156,157,158,159,161,162.1,163.1,164.1,165,168.9,171,175,176,177,178.1,179,180,181,187.1,189,191,191.9,193,194.1,195.1,196,197,201,203.1,205.1,206.1,207,208,209,210,211,217,221.2,222.9,234.9,238.9,243.2,249,250.1,251.1,253,254.1,255,265.1,266.1,267,268.1,269.1,281.1,282.1,283.1,285.2,315,325.1,327,327.9,329,330.1,331.1,332.2,341.1,342,343.1,344.1,346.1,355.1,356.1,357.2,375.2,377.2,403.1,405.2,406,415.1,429.1,430.2,431.1,503.2","683,296,915,8666,987,719,156,214,179,501,211,508,392,268,159,249,357,526,194,360,3824,465,5896,617,1085,611,386,572,224,274,203,211,152,312,795,158,1040,197,647,1467,415,196,176,677,209,718,520,227,268,174,590,265,809,248,623,166,504,162,192,158,206,425,191,379,182,1891,417,1605,286,190,184,274,312,178,1705,321,703,161,213,206,368,324,333,276,680,195,2058,403,363,176,220,166,675,2553,995,523,157,182,190,226,1720,358,1026,298,462,156,358,217,173,270,222,13827,2982,2004,256,219,300,340,269,429,199,250,536,349,848,2278,616,371,341,522,958,229,410,3091,1001,645,152,202,328,811,252,313,162,680,244,1022,347,638,183,414,486,380,236,178,155,219,460,187,258,444,187,152,175"
"55","HMDB00067","Cholesterol","44.068","2644.07","3178.199","16455410","701.009","99.7","97.88","102.61","393","375","92.28","753310213","43.953","44.227","NORMAL","40.2,41.1,42.1,43.1,44.1,45.1,46.1,47.1,50,51,52.1,53.1,54.2,55.1,56.1,57.1,58.2,59.1,60,61.1,62,63,64.2,65.1,66.2,67.1,68.1,69.1,70.2,71.2,72.2,73.1,74.1,75.1,76.1,77.1,78.1,79.1,80.1,81.1,82.1,83.1,84.2,85.2,86.1,87.1,88.1,89.1,91.1,92.1,93.1,94.1,95.1,96.1,97.2,98.2,99.1,100.2,101.1,102.1,103.1,104.1,105.1,106.1,107.1,108.1,109.2,110.1,111.2,112.2,113.1,114.1,115.1,116.1,117.1,118.1,119.1,120.1,121.2,122.2,123.2,124.2,125.2,126.2,127.2,129.1,130.1,131.1,132.1,133.1,134.2,135.2,136.2,137.2,138.2,139.2,140.2,141.1,142.1,143.1,144.2,145.1,146.1,147.2,148.2,149.2,150.2,151.2,152.1,153.2,154.2,155.1,156.1,157.1,158.2,159.2,160.2,161.2,162.2,163.2,164.2,165.2,166.2,167.2,168.2,169.1,170.1,171.2,172.2,173.2,174.2,175.2,176.2,177.2,178.2,179.2,180.2,181.2,182.2,183.2,184.2,185.2,186.2,187.2,188.2,189.2,190.2,191.2,192.2,193.2,194.2,195.2,196.2,197.2,198.2,199.2,200.2,201.2,202.2,203.2,204.2,205.2,206.3,207.2,208.2,209.2,210.2,211.2,212.2,213.2,214.2,215.2,216.2,217.2,218.2,219.3,220.3,221.3,222.2,223.2,224.2,225.2,226.3,227.2,228.2,229.2,230.3,231.3,232.3,233.3,234.3,235.3,236.2,237.2,238.2,239.2,240.3,241.3,242.3,243.2,244.3,245.3,246.3,247.3,248.3,249.3,250.2,251.2,252.2,253.2,254.3,255.3,256.3,257.3,258.3,259.3,260.3,261.3,262.3,263.3,264.2,265.1,266.2,267.2,268.2,269.3,270.3,271.3,272.3,273.3,274.3,275.3,276.4,277.3,278.4,279.2,281.2,282.3,283.3,284.3,285.3,286.4,287.3,288.3,289.3,290.2,291.3,292.3,293.2,295.2,296.3,297.3,298.3,299.3,300.4,301.4,302.4,303.3,304.3,305.3,306.2,309.3,310.3,311.4,312.3,313.4,314.4,315.4,316.3,317.3,318.3,319.3,320.2,321.3,323.3,324.5,325.4,326.4,327.4,328.4,329.4,330.4,331.4,332.4,333.3,335.3,337.3,338.3,339.4,340.4,341.4,342.4,343.4,344.3,345.4,346.3,347.3,348.3,349.4,350.3,351.4,353.4,354.4,355.4,356.4,357.3,358.3,359.4,360.3,361.3,362.4,363.4,364.4,365.5,366.5,367.5,368.5,369.5,370.5,371.5,372.4,373.4,374.4,375.3,376.3,377.2,385.3,386.4,387.4,388.3,389.4,390.3,399.4,400.4,401.4,402.4,403.4,404.3,405.3,406.2,413.3,414.5,415.5,416.5,417.5,418.5,419.4,423.4,425.5,426.5,427.4,428.5,429.5,430.5,431.5,432.5,433.4,439.5,440.5,441.5,443.5,444.5,445.5,446.5,447.6,454.6,455.4,456.5,457.6,458.6,459.6,460.6,461.6,462.5,463.5","1071,30816,3974,63808,3921,5860,425,2606,317,631,380,4939,1997,67632,11580,87032,4543,6066,1404,7154,613,550,274,3304,1772,52344,7038,73792,9492,63424,7159,186624,18320,137728,9946,21208,5330,64024,9704,137280,15336,64688,6034,19904,1649,2014,1280,9654,90408,20128,104168,24856,201408,18248,50504,4385,9050,1899,15455,2192,14456,9475,142784,37320,174464,35832,126608,19360,46752,4598,11167,3286,24200,22128,58584,25184,179520,103224,208512,33824,66736,8442,26832,3403,16408,733952,122392,134464,43592,136640,40624,111480,18480,40128,5696,11771,2361,11617,15344,123728,47792,228288,68840,138240,51544,87552,12511,34672,6358,12046,5621,70880,18848,59336,38272,172800,133568,164416,41856,114952,16592,35224,5866,8863,10882,30072,9515,43688,20456,89856,38336,70408,12954,52720,9195,29504,6525,23424,18656,17472,6821,45016,15722,38848,13454,57792,10411,33064,7337,39776,11987,17896,23032,29152,9273,55840,25720,56688,12731,91704,16361,37552,29576,39208,9791,8741,3665,7919,6143,132160,39440,63888,17776,88000,17792,68344,17656,13654,3992,3324,1805,4075,2778,31888,31976,41488,8279,21056,6084,67800,13952,11341,2716,2141,1254,8239,3468,26784,8551,10415,4402,41328,43768,249152,51496,9667,11386,5277,1639,7346,7613,236608,52400,14300,4561,51640,37120,20776,5992,2298,767,472,633,2359,872,5327,1352,6703,3482,34344,48160,110408,24680,3421,436,203,3110,1420,19760,6997,6537,5185,11436,5723,4383,2347,4557,1122,416,645,509,7519,3564,13042,12136,79264,20624,9496,3363,1233,429,630,773,19736,7782,22928,16896,7863,2398,2699,2655,1268,352,293,492,895,15708,62720,83400,358208,1408512,368064,47608,4621,639,227,1086,725,21328,48344,13489,11010,4530,2295,13193,4502,1421,482,878,781,3431,582144,170112,25976,3479,1128,544,2813,1007,663,272,263,687,763,3937,45448,1334784,411776,62208,6827,1778,2558,1444,849,333,326,496,1629,3958,1609,1172,416,254,541,3787,1637,1723,566,689,239,310,277,2960,11580,4663,1197,275,201,5259,1852,1726,816,8872,11698,3939,994,204,156,171,1895,207360,76208,20248,4069,487,329,714,7771,14792,765504,297088,82328,15453,2039,156"
