Serial_Number,HMDB_Number,Compound,name_short,Derivatized_compound_name,Parent_Mass_of_derivatized_compound,RT,RI,MZ,Intensity,Intercept,Slope
1,NA,Glyocolic acid-2TMS,NA,Glyocolic acid-2TMS,NA,,1004,42.05 43.05 44.05 45.05 47.05 58.05 59.05 66.05 72.05 73.05 74.05 75.05 81.1 85 86.1 87 88.1 89 90 91.1 95 98.9 100 101 102 103 103.9 104.9 106 113 115 116 117 118 119 120 131.05 132.05 133.05 134.05 135.05 147.05 148.05 149.05 149.95 150.85 161.05 162.05 163.05 164.05 175.1 177 178 179 190 205 205.9 207,6645 36160 14112 67032 11825 16640 20776 24616 6798 175232 16520 21736 4093 264 222 2248 6257 2876 543 258 557 162 172 1574 2127 5814 802 1159 236 358 1464 471 2586 455 1003 164 4352 981 9263 1307 833 119096 18200 11126 1131 349 7282 1289 704 223 180 9489 1798 922 220 4755 739 556 ,,
2,NA,Pyruvic acid-1TMS,NA,Pyruvic acid-1TMS,NA,,1037,42.15 43.1 44.1 45.1 47.1 55.1 56.1 58.1 59.1 60.1 72.1 73.1 74.1 74.8 75.4 77.3 84.2 86.3 89.2 91.1 98.05 99.25 99.95 100.55 101.15 102.05 103.05 113.55 115.25 115.95 117.15 118.25 143.1 158.2 159.1 174 176 189,21600 33696 12413 59832 11165 8014 6602 20144 55176 6760 22216 239104 59168 10135 15463 6040 3053 600 33432 1541 2544 10624 4765 2820 1906 587 925 628 17280 2208 2178 596 600 3391 1780 72232 2663 862 ,,
3,NA,Lactic acid,NA,Lactic acid,NA,,1058,41.9 43 43.9 44.9 47 55 58 58.9 61 65.9 73 74 75 87 87.95 116.95 118.05 132.95 147 148 148.9 189.95 190.95,1020 5026 1625 9147 2072 1280 3015 2591 1079 882 14822 1469 3064 542 922 4537 515 1327 9312 1087 761 922 1685 ,,
4,NA,Alanine,NA,Alanine,NA,,1097,42 43 44 45 47 56.9 58 58.9 61 72 73 74 74.9 86 87.1 99.95 101.15 101.85 102.95 115.95 116.95 118.05 130.95 132.95 147 148 149 190.05 203.95,2737 8436 4683 15041 2601 1500 3504 7134 1614 1493 29704 2639 4895 1589 742 2455 1185 1045 1162 21672 3271 906 761 1114 9326 1746 823 1934 562 ,,
5,NA,Glycine,NA,Glycine,NA,,1170,41 42.1 43 44 45 47 55 56 57 58 59 61 70 72 73 73.9 75 86 99.95 102.05 144.1 145 146 158 188.05 189.05 202.05,5415 4654 4309 3446 8433 2825 1975 3518 2359 2724 6700 1704 2639 1918 21920 2175 7469 937 3032 1122 6778 1098 1029 734 4319 721 1640 ,,
6,NA,Valine,NA,Valine,NA,,1207,41 42 43 44 45 46.9 55 57 58 59 73 73.9 75 81.9 83.8 85 86 86.9 98.05 98.95 100.05 100.95 101.95 102.95 112.05 113.95 114.95 116.95 117.95 128.05 129.05 129.95 130.95 131.95 132.95 133.95 144.1 145.1 146.1 147 148 149 155.9 158 160 202.95 218.05 219.05 220.05,7513 2555 19296 6415 27880 4522 3601 2649 5356 12031 76536 9090 10141 615 570 779 2333 553 901 709 8199 1678 932 1674 834 2450 1189 1317 528 1981 1038 1193 1160 2456 3121 557 49312 5837 2318 11214 1815 1044 609 619 547 1139 8013 2076 592 ,,
7,NA,Urea,NA,Urea,NA,,1236,43 44 45 47 56 57.9 59 69 69.9 70.9 72 73 74 75 85 85.9 86.9 98.95 99.95 100.95 101.85 114.85 115.85 116.95 129.95 130.85 131.95 132.85 146 147 148 149 171 172.9 189.05 190.05 191.05,10454 7349 13199 3060 3402 2723 4475 2237 2539 2089 3274 13174 4919 3886 791 979 1550 5006 2959 1529 1049 584 727 522 1382 1184 660 523 1255 20040 3223 1848 2263 1295 9851 1362 1071 ,,
8,NA,Phospheric acid,NA,Phospheric acid,NA,,1263,43 44 45 59 73 74 75 84.9 86.9 88.95 90.95 102.95 103.95 104.95 106.95 108.95 114.95 115.95 116.85 118.95 119.95 120.95 122.95 130.95 132.95 133.85 135 136 136.9 137.9 138.9 147 148.9 150.9 152.9 162.9 164.9 166.9 176.9 178.9 180.9 181.95 182.85 188.95 190.95 191.95 192.95 193.95 194.95 196.85 204.95 206.95 208.05 208.85 210.95 211.95 212.95 224.95 227.05 269 283.05 284.05 284.95 299.05 300.05 301.05 302.05 314.05 315.05 316.05,12720 8559 40536 6635 105552 9606 8293 635 685 1631 1190 5816 1309 3063 2098 861 5171 982 2055 4542 806 3116 1867 1958 22360 3370 7154 890 4883 581 760 4004 604 1258 555 507 1917 2426 944 1182 5607 883 1827 1321 4340 699 5625 866 2119 648 820 4019 797 583 29792 4316 2363 1015 502 645 4198 908 687 78736 20664 9167 1342 11870 3027 1459 ,,
9,NA,2-Methylsuccinic acid-2TMS,NA,2-Methylsuccinic acid-2TMS,NA,,1265,41.05 42.05 43.05 44.05 45.05 47.05 55.05 59.05 61.05 69.05 73.05 74.05 75.05 81 82 83.1 84.1 85.1 86.1 87 88 89 90.1 91 93 95 96 97 98.1 99 100.1 101 102 103 103.9 105 106 107 111 112.1 113 114 115 116 117 118 119 120 120.9 123 125.05 127.05 129.05 130.05 131.05 132.05 133.05 134.05 135.05 136.05 143.05 144.05 145.05 147.05 148.05 149.05 150.05 151.05 155.05 157.05 158.05 159.05 160.05 161.05 161.95 163.05 170 171.1 172 173 175 175.9 176.9 186.1 187 188 189 190 191 192 193.1 201.1 203 204.1 205.1 206.1 217.05 218.05 219.15 220.05 232.15 233.15 234.05 261.1 262.1 263.1 264 265 276.1 277,100792 36816 86920 38368 257088 97400 116816 46944 40056 96888 555264 61136 346944 241 338 3443 1363 10311 3776 4317 2341 4619 566 628 210 382 1869 3611 2169 26216 4221 8041 2179 4843 878 2322 295 283 756 215 2154 526 6652 4105 10933 1474 2619 254 189 3407 1088 2770 37920 5490 11507 2149 24392 3408 2278 283 64208 8638 5714 480128 79416 47800 4697 1461 195 3809 7120 5029 1045 307 584 584 1213 2431 453 521 1620 207 285 13021 8789 1590 1178 2659 1120 374 214 295 604 7388 1316 503 37248 7775 3369 419 11230 2178 932 44032 9927 4174 735 220 253 155 ,,
10,NA,Proline,NA,Proline,NA,,1291,41 42 43 44 45 45.9 46.9 55 58 59 70 72 73 74 75 83.9 84.9 86 97.95 98.95 99.95 100.95 101.95 112.95 114.95 126.05 126.95 130.95 132.95 142 143 144 147 148 148.9 169.9 216.05 217.05 218.05,6339 2978 14001 7538 30000 2325 4008 3498 5798 9904 2391 7042 70232 6536 8770 1293 1223 1049 900 1962 2096 1060 675 680 732 599 618 1231 2054 53344 7168 2250 7237 759 601 1356 3976 818 585 ,,
11,NA,Glycine-2,NA,Glycine-2,NA,,1298,43 44 45 47 58 59 73 74 75 84.9 86 86.9 88.05 99.95 101.05 101.95 102.95 105.05 112.95 113.95 114.95 115.95 116.95 117.95 118.95 129.95 130.95 132.95 133.95 135 144 147 148 149.1 158 158.9 159.9 172 174 175 176 177 188.05 202.05 204.05 248 249 250.1 276.05 277.05,13874 7104 43352 4641 5642 24208 115520 9576 8375 1037 23968 2771 1345 15602 3507 1838 1665 711 572 903 1362 2152 5854 774 1845 3439 3853 15921 2692 1331 1517 21896 4023 2110 3115 583 933 618 77648 14774 6734 1133 1384 1105 701 12827 2886 1663 1936 521 ,,
12,NA,Succinic acid,NA,Succinic acid,NA,,1303,43 44.1 45 47 55 55.9 58 58.9 61 72 73 74 75 76 85 86 87 88.95 98.95 100.85 102.95 104.95 112.95 114.85 115.85 116.95 128.95 129.85 130.95 132.95 133.95 147 148 149 156.9 171.9 173 247 248.1,14694 6928 44488 17200 19936 8309 7546 8187 7529 4211 73600 8868 65312 4623 1512 2175 730 1106 1104 905 625 611 881 1575 784 1193 14589 1519 1548 3286 610 68536 10759 5155 794 3454 2136 4744 940 ,,
13,NA,Nicotinic acid,NA,Nicotinic acid,NA,,1328,43.2 45.2 47.2 50.2 51.2 52.2 53.1 59.1 73.1 75.1 77.1 78.1 79.1 80.1 81.1 82.3 83.1 84.1 85.1 86.1 90.1 92.15 93.15 94.15 95.15 96.15 100.15 104.15 106.15 107.15 108.15 109.15 110.15 120.05 121.05 122.05 123.15 134.05 136.05 137.05 138.05 139.15 150.1 151.1 162.1 164 180.1 181.1 182.1 183.1 194.15 195.15 196.15 197.05,37832 82680 28360 43416 136704 17472 16864 18392 49480 39320 28760 300032 19144 1687 1437 1075 3369 1535 1203 1010 15179 2159 4283 2369 1261 843 692 1190 280704 20096 2702 2774 1326 4300 707 4626 768 1559 289984 38120 11960 955 1746 927 1219 1359 428096 59736 19712 1497 3339 10506 1760 578 ,,
14,NA,Uracil,NA,Uracil,NA,,1330,43 44 45 58 59 70 72 73 74 75 82 82.9 84 84.9 86 86.9 87.95 88.95 93.85 95.05 95.95 96.95 98.95 99.95 100.95 102.05 102.95 104.95 105.75 108.95 109.95 110.95 112.05 112.95 114.95 115.95 116.85 123.95 125.05 125.95 126.95 127.95 128.75 130.85 131.95 132.95 141.9 147 148 149 153 156 157 157.9 159 166.9 168.1 168.9 171.9 173.9 182.95 183.95 184.95 197.05 239.1 241 242 243 243.9 255 256 257 258,35664 11482 64600 7237 12228 13404 14166 78128 7781 7176 1050 1187 3468 9837 4613 1726 531 684 638 1689 3660 2248 91984 30776 11431 2232 1748 1634 513 4907 968 1274 819 6617 1433 657 2218 781 1062 9193 1938 1175 504 5362 1036 2405 614 30272 4545 2435 1894 870 1555 1335 505 834 560 2113 528 711 1746 792 934 504 736 37224 8034 4112 576 16528 14436 3385 1475 ,,
15,NA,Serine,NA,Serine,NA,,1346,43 44 45 47 58 59 73 74 75 84 85 86 86.9 88.05 88.95 98.05 99.95 101.05 102.05 102.95 103.95 104.95 112.85 114.05 114.95 115.95 116.95 117.95 118.95 129.95 130.95 131.95 132.95 133.95 135 144 147 148 149 150 158 159 160 163 172 174 174.9 188.05 188.95 189.95 190.95 204.05 205.05 206.05 206.95 216.05 217.95 219.05 219.95 221.05 278.05 279.05 280.05 306.05 307.05,23240 15136 78720 9718 10993 23312 240320 23328 30792 1102 1605 3594 1902 4519 3186 1065 44384 8843 3995 10372 1302 1360 701 3909 5462 10872 5102 1991 1764 2226 4679 6280 12963 2884 1658 1152 24696 3630 3160 651 1180 1381 903 764 1993 3267 906 7222 3027 2369 569 48584 9949 4087 578 1304 24992 5172 2516 838 3673 1102 543 1726 591 ,,
16,NA,L-Threonine,NA,L-Threonine,NA,,1371,43 44 45 47 57 58 59 73 74 75 82.9 83.9 85 86 87 88.05 88.95 96.05 97.95 98.95 100.05 101.05 102.05 102.95 104.05 105.05 112.05 113.05 113.95 114.95 115.95 116.95 117.95 118.95 119.75 128.05 128.95 129.95 130.95 131.95 132.95 133.95 134.9 144.1 144.8 147 148 149 158 159 160 161 171.9 174 176 176.9 186.05 188.05 189.05 189.95 190.95 202.05 203.05 203.95 204.95 218.05 219.05 219.95 220.95 230 232 248 291.05 292.15 293.05 294.05 320.05 321.05,23280 15249 73952 10295 29240 10175 24336 280320 24840 33296 1022 2688 2081 5171 3830 913 1035 672 2100 1252 24352 42376 8273 4859 982 938 1088 693 8331 5496 2210 42088 6005 4186 506 7308 6807 6648 7576 11459 12959 2490 1037 1572 632 28832 4795 3762 1894 2592 3637 889 1015 2637 992 2312 2131 1220 713 669 1133 4918 8654 2628 667 33424 26552 5902 2700 756 988 674 16688 12328 4054 1335 2700 681 ,,
17,NA,Fumaric acid,NA,Fumaric acid,NA,,1379,42.95 43.95 44.95 46.95 53 54 58 59 61 73 74 75 80.9 81.9 83 84 84.9 97.9 98.9 102.9 112.85 114.95 116.95 118.95 125.95 126.95 127.95 130.95 131.95 132.95 133.85 134.95 142.95 143.95 144.95 146.95 147.95 148.95 154.85 156.85 171 216.9 244.95 245.95 246.95,11914 4702 29920 10294 8721 4361 7027 6758 5688 72232 8302 41112 546 1709 15262 5240 2862 1186 1377 822 1134 3403 1318 528 793 2096 1053 962 609 5803 802 607 9124 1258 712 29784 5000 4004 2696 1608 674 672 27448 6636 3063 ,,
18,NA,Pyrmidine,NA,Pyrmidine,NA,,1390,43 44 45 54 55 58 59 69.9 72 73 75 81.1 82 82.9 83.9 85 85.9 86.9 89.05 93.05 94.95 95.95 97.05 97.95 98.95 99.95 101.05 101.95 102.95 104.85 106.05 106.65 109.05 109.95 110.95 112.95 113.95 114.95 115.95 116.85 119.95 122.95 126.95 127.95 130.95 131.95 132.95 134.05 139 140 141 142 144 147 148 149 154 157 158 159 173.9 180.9 182.15 182.95 183.85 184.95 196.95 239 255 256 257 258 270 271 272.1,24096 9583 46776 17360 6949 8537 21336 7471 12764 65968 8579 649 1315 2056 6670 2379 6210 1291 519 539 1086 882 874 1725 4541 19968 2962 1370 806 682 1035 516 792 2247 1484 29520 3018 1881 504 1743 2300 1341 1625 1055 6296 1327 2933 648 1582 2865 680 676 535 19392 3271 1297 694 997 4028 868 625 555 1374 1641 532 1836 1122 1666 45248 10138 4644 600 16295 3553 1339 ,,
19,NA,Malic acid,NA,Malic acid,NA,,1470,43 44 45 46.9 55 58 59 73 74 75 84.9 86.8 98.85 100.95 102.05 103.05 114.85 116.05 116.95 118.95 128.95 130.95 132.95 133.85 135 143 147 148 149 150.9 171 174.9 176 177 189.15 190.05 191.05 192.05 203.05 204.85 217.05 218.95 220.95 233 234.1 235.1 245 246 247.1 265 305.25 306.05 307.05 319.05 335.1 336.1,8790 5541 26784 5785 12334 3507 8715 103248 8931 15383 744 520 985 8307 749 1383 1139 648 2318 934 995 2721 11267 1270 771 1010 30568 4916 3417 566 1715 5028 771 2820 3373 3677 3021 628 654 539 2205 523 905 5939 1503 562 4533 842 969 1184 553 650 1109 703 1741 612 ,,
20,NA,Hydrocinnamic acid,NA,Hydrocinnamic acid,NA,,1492,43.2 45.2 47.2 51.2 61.1 65.2 73.1 74.2 75.1 76.1 77.1 78.1 79.1 80.1 85.1 86 87.1 88.1 89.1 91.1 92.15 93.05 100.15 101.05 102.15 103.15 104.15 105.15 106.15 115.15 116.05 117.05 129.05 130.15 131.15 132.05 133.05 135.05 136.15 137.05 145.1 146.1 147.1 149.1 161.2 162.1 163.1 164.1 179.1 189.1 190.15 191.15 205.15 207.15 208.15 209.15 210.05 222.15 223.15 224.05,21600 64456 33960 30024 24472 36688 202880 29392 396288 32536 67544 30720 17120 1040 785 516 1205 3596 9140 129240 10091 777 647 6423 6324 33504 399296 50560 3057 4099 8953 1756 3885 935 11977 11998 2348 3318 536 634 1543 514 1983 643 843 822 2907 574 545 8128 1355 957 4443 90128 15383 4438 511 35768 6273 2114 ,,
21,NA,Aspartic acid,NA,Aspartic acid,NA,,1503,43 44 45 47 58 59 70 73 74 75 82 82.9 84 84.9 86 87 87.95 89.05 97.95 99.05 100.05 100.95 101.95 102.95 103.95 104.95 112.05 113.05 114.05 114.95 116.05 116.95 117.95 118.95 127.95 128.95 129.95 130.95 131.95 132.95 133.95 135 142 143 144 145 147 148 149 150 157.9 159 159.9 161 163 164.1 172.1 173 174 175 176 176.9 184.05 188.05 189.05 190.05 190.85 201.95 202.95 204.05 205.05 216.05 217.05 218.05 218.95 219.95 220.95 232.1 233.1 234 235.1 243.9 245.1 246 292.05 306.05 306.95 308.05 334.1 335.1 349.1,32360 18016 88736 15336 10988 25584 8750 324224 31760 55392 714 967 2343 1308 3081 1208 854 1125 3300 3141 77632 10135 4101 5793 1001 835 507 501 1660 5559 2711 10535 2001 4511 2833 1386 8567 6341 4832 16002 2620 1712 3952 1376 1844 607 36664 6072 6621 956 964 744 627 519 1486 500 2842 1109 4941 1132 1105 1340 576 9167 2091 1604 821 10513 1781 4166 1050 6562 1765 16752 3562 1191 893 76768 15234 6526 1082 790 777 925 2068 4830 1178 722 1355 533 796 ,,
22,NA,Pyroglutamic acid,NA,Pyroglutamic acid,NA,,1514,41 43 44 45 47 55 57 58 59 72 73 74 75 80 81.9 82.9 84 85 86 86.9 87.95 93.65 96.05 97.05 98.05 98.95 99.95 100.95 101.95 102.85 104.95 109.95 110.95 112.05 112.95 113.95 114.95 115.85 116.95 119.05 121.55 125.95 126.85 130.95 131.95 132.95 133.95 140 141 141.9 147 148 149 154.1 156 157 158 167.9 174 213.95 230.1 231.1 232.1 258.1 259,8960 34744 17552 74272 12522 12469 6330 17728 22832 12902 174912 16952 29872 1227 1449 1325 4904 6009 7149 1851 804 1029 715 716 2513 2511 4259 1231 1312 1397 613 1089 571 7082 1605 2087 1289 520 1933 656 796 804 564 2646 611 5515 915 4676 1909 1388 28480 4521 2726 1381 115536 14930 5436 693 724 1194 10101 1790 1018 6537 1427 ,,
23,NA,p-Hydroxyphenylacetic acid-2TMS,NA,p-Hydroxyphenylacetic acid-2TMS,NA,,1622,43.05 45.05 47.05 59.05 61.05 73.05 74.05 75.05 80.05 81.1 82.1 83.1 84.1 85.1 86.1 87.1 89.1 90.1 91.1 92 93.1 94.1 95.1 96.1 97 98 99.1 100.1 101 102.1 103.1 104.1 105.1 106.1 107.1 108 109 110 111 112 113 113.9 115 116 117 118 119 120 121 122 123 124.05 125.05 126.05 127.05 128.05 129.05 130.15 131.05 133.05 133.95 135.05 136.05 137.05 138.05 139.05 140.45 141.05 143.05 144.05 145.05 147.05 148.05 149.05 150.05 151.05 152.05 153.05 153.95 155.05 157.05 159.05 161.05 162.05 163.05 164.05 165.05 166.05 167.1 168.1 169.1 171.1 172 173 175.1 176.1 177.1 178.1 179.1 180.1 181 182.1 183 187.1 189 191 192 193 194 195 196 197 203 204.1 205 206 207 208 209 210 211.05 211.95 217.05 217.95 219.05 220.15 221.05 222.05 223.05 224.05 225.05 226.05 227.05 233.05 234.05 235.05 236.15 237.05 238.05 239.05 239.95 246.95 248.95 250.05 252.05 253.05 254.2 255.1 256 265.1 266 267.2 268 268.9 279.1 281.1 282.1 283.1 284.1 285.1 296.1 297.15 298.15 299.15 300.15 369.1,142656 477248 142848 77184 73936 2285056 223936 645312 2233 5749 12673 11633 1693 9741 1904 5453 120624 64112 36360 4114 8198 1313 12345 3396 3938 1513 9495 1060 5009 10300 45560 21696 149824 16896 20264 3388 11892 1989 3385 576 1407 365 14132 6008 38120 7897 24728 4706 24928 3967 5770 803 1320 401 544 546 1723 1119 18608 73304 14355 62376 8875 14466 1870 833 242 261 1897 666 8636 298432 55136 142720 20840 11025 1186 667 167 221 597 2213 43896 10007 61224 424192 80392 21512 3442 280 167 325 163 694 7436 2348 38872 7913 71464 39632 11776 2641 574 251 1826 113656 19080 18288 3337 7327 1432 554 562 357 1820 6297 8380 7563 14084 3049 1444 271 210 161 1834 713 5537 1197 4573 1321 6814 1470 544 909 406 2510 2051 20480 4738 2098 376 286 1684 541 72824 19240 7128 1213 179 8377 2000 1583 407 151 313 169472 43264 16139 2635 542 167744 44608 17648 2874 584 237 ,,
24,NA,p-Hydroxybenzoic acid-2TMS,NA,p-Hydroxybenzoic acid-2TMS,NA,,1646,43.05 45.05 59.05 73.05 74.05 75.05 80.05 81.1 82 83.1 84.1 85 86 87.1 88.1 89.1 90.1 91.1 92.1 93.1 94.1 95 96.1 97 98 99 100 101 102.1 103 104 105 106 107 108 109 110 111 113 115 116 117 118 119 120 121 122 123 124.05 126.05 129.05 130.05 131.05 132.15 133.05 134.05 135.05 136.05 137.05 137.95 139.05 140.95 142.25 143.05 143.95 145.05 147.05 148.05 149.05 150.05 151.05 152.05 152.95 153.95 154.95 157.05 158.15 159.05 160.95 162.05 163.05 164.05 165.05 166.05 166.95 168 169.1 175.1 177 178.1 179 180 181 182.1 182.9 188.9 191 193 194 195 196 197 205 207 208 209 210 211.15 219.05 221.05 223.05 224.05 225.05 226.05 227.05 237.05 238.05 239.05 251.05 252.05 252.95 265.1 267.1 268.1 269.1 270.1 271.1 281.2 282.1 283.1 284.1 285.1 286,96024 270272 48632 719872 70352 95024 1877 6801 3866 13730 3496 16824 1752 4721 1746 39920 20112 79016 48600 20792 3067 17240 7455 6919 2217 4571 550 2885 2905 29104 24440 38152 6495 14131 2738 8083 1298 7558 1146 8395 1655 7896 9387 19392 15785 22552 15329 7581 1473 51024 712 322 7735 2029 31064 7360 52904 7936 6567 911 603 434 195 1218 276 2485 26824 8412 37904 12529 50624 7279 2627 370 331 1621 245 436 1675 1102 8748 2810 7360 6374 2233 522 180 930 9750 3982 50152 7890 8175 1278 489 301 12099 384768 77256 29288 3855 655 606 29560 6284 5928 1512 449 207 3679 377856 84376 35840 5216 711 4880 1276 484 1360 453 389 1141 429568 102880 42472 6689 1348 14040 101824 26992 10316 1532 290 ,,
25,NA,Ribitol,NA,Ribitol,NA,,1749,44.05 45.05 59.05 73.05 74.05 75.05 81.1 83.1 85.1 87 88.1 89.1 90.1 91 95.9 97.1 99.1 101 103.1 104 105.1 111.1 113.1 114 115 116.1 117 118 119 120 127.15 129.05 130.05 131.05 132.05 133.05 134.05 135.05 140.95 142.05 143.05 144.05 145.05 147.05 148.05 149.05 150.05 151.05 155.05 157.05 157.95 159.05 161.05 161.95 162.95 163.85 169.2 170 171.1 173.1 175.1 176 177.1 189.1 190.1 191.1 192.1 193 202 203.1 204.1 205.1 206.1 207 208 209 214.95 217.15 218.05 219.15 220.15 221.05 221.95 223.15 229.05 230.05 231.15 243.15 244.15 244.95 277.1 278.2 279.1 291.1 292 305.15 307.15 308.15 309.15 310.05 317.15 319.15 320.15 321.15 322.15 332.15 333.15 395.15 422.05,9045 24624 8676 245056 20544 16936 862 473 784 1136 1066 5102 441 318 169 262 575 5040 69936 6681 2928 395 1117 211 1195 1796 17408 1824 1436 181 316 19008 2804 4950 634 10840 1315 1115 164 262 1203 188 663 49600 7841 4912 528 324 481 2221 318 329 703 177 783 154 165 186 272 254 1421 328 801 12236 2813 5105 961 651 158 2426 9883 24448 5295 3734 512 294 154 32464 8360 3053 528 1822 416 199 912 247 241 2058 460 299 1965 645 481 761 258 465 7448 2150 1094 226 1007 8619 2557 1385 224 804 463 176 207 ,,
26,NA,Putrescine,NA,Putrescine,NA,,1749,41 42 43 44 45 58 59 70 72 73 74 75 81.9 84 85 86 87 88.15 96.05 97.95 99.05 100.05 100.95 101.95 102.95 103.95 109.95 111.95 112.95 114.05 114.95 115.95 117.05 117.95 126.05 128.05 128.85 129.95 130.95 131.95 132.95 142.1 142.9 144.1 145 146.1 147 148 157.9 170 171 172.1 173.1 174 175 176 177 201.05 259.1 260,5150 8529 70176 9736 23104 7199 23904 11101 5792 75816 10493 5988 730 15536 2630 24224 3420 1459 1366 1499 2272 17512 3404 3145 1116 546 512 2329 1523 1954 1377 3925 2586 801 606 1343 1108 6507 3118 2489 1223 2921 585 2001 973 1773 5626 1025 1117 918 584 3009 4101 75944 12481 6648 817 1421 2067 605 ,,
27,NA,L-Ornithine,NA,L-Ornithine,NA,,1801,43 44 45 59 73 74 75 82 83.1 83.9 85 86 87 87.95 89.05 90.05 96.05 97.05 98.05 99.05 100.05 101.05 102.05 102.95 103.95 104.95 109.95 111.05 111.95 112.95 114.05 114.95 115.95 116.95 117.95 118.95 123.95 124.95 126.05 126.95 127.95 128.95 129.95 130.95 131.95 132.95 133.95 134.9 139 140 142.1 143.1 144.1 145 146.1 147 148 149 150 152 153 154 155 156 157.1 158 158.9 160 161 162 168 169 170 171 172 174 175 176 177 178 184.15 186.05 187.05 188.05 189.05 190.05 190.95 197.95 199.05 200.05 201.05 202.05 203.05 204.05 204.95 206.05 212.95 214.05 215.05 215.95 217.05 218.05 219.05 220.05 221.05 229.1 230.1 231.2 232.1 241.2 242 243.1 244.1 245 258.1 259.1 260.1 261.2 287.05 289.05 303.25 304.15 315.15 316.15 317.15 330.1 331.2 332.2 405.15 420.2 421.2 422.2,21784 18088 104872 64728 598208 60352 40792 1112 1335 3260 4970 47488 6570 3066 851 1882 1559 1504 7841 6113 54720 10375 24816 9675 2168 822 3895 700 6365 5018 16608 11834 8612 9446 2418 1829 1336 974 6452 4572 18072 6509 26536 13086 13114 14516 2937 998 603 3355 307136 42224 16132 2379 13818 44856 8502 3541 563 1361 1414 2119 945 1859 830 3118 1917 4818 1835 909 812 4261 1915 1048 19376 140416 25632 16106 2038 585 614 4299 2061 3591 5669 1848 2502 1109 1095 16872 3864 4039 5486 4669 1112 684 831 11912 3923 13218 3566 6074 1475 2391 970 506 1233 623 711 1004 1103 752 1035 542 6962 4975 1548 563 1178 546 2786 961 1623 822 677 2613 1172 506 1132 6534 2649 1651 ,,
28,NA,Benzeneacetic acid,NA,Benzeneacetic acid,NA,,1815,43 44 45 47 59 73 74 75 83 84.8 87 89.05 89.95 91.05 92.05 93.05 94.95 96.95 99.05 101.05 101.95 102.95 104.05 104.95 114.95 116.05 116.95 117.95 118.95 121.05 122.85 130.95 131.95 132.95 133.85 135 145.1 147 148 149 150 151 161 161.9 162.9 164 164.8 174.1 175 175.8 177 179 180 181 181.95 191.05 193.05 194.05 194.95 206.05 206.95 208.95 222.95 224.95 226.05 237 238 238.9 251 252 253 254 265 267 268 269 270.1 281.05 282.05 294.05 340.1 341.1 369.15 370.15 371.05 384.15 385.15 386.15 387.05,17648 13938 98544 12274 9589 355584 28928 49792 1495 1405 1036 1835 854 4779 645 833 1336 729 1130 639 1085 4561 13797 5503 2769 697 3008 908 4170 1339 545 3696 584 6308 1073 4070 969 8655 1750 14619 2088 1374 2662 829 5511 1082 1102 649 611 864 3965 137984 21352 7234 541 1067 5718 1173 1066 1373 1560 2548 1131 3235 649 13371 2451 1543 1765 1147 4596 925 4839 41144 9409 3276 518 5256 939 755 1979 641 7498 2357 1163 41824 14417 5587 1410 ,,
29,NA,Galactose,NA,Galactose,NA,,1864,45 59 73 74 75 80.9 82 83 83.9 84.9 86 86.9 88.05 89.05 89.95 91.05 96.95 98.05 99.05 100.05 100.95 102.05 103.05 104.05 105.05 106.05 107.05 109.85 110.95 111.95 112.95 113.95 114.95 116.05 116.95 117.95 118.95 119.95 125.95 127.05 127.95 128.95 129.95 130.95 132.05 132.95 134.05 135 141 142 143 144.1 145 147 148 149 150 150.9 155 157 158 160 161 162 163 164 168 169 170 172.1 173 174 175 176 177 186.05 187.05 189.05 190.05 191.05 192.05 193.05 200.05 201.05 202.05 203.15 204.05 205.05 206.05 207.05 207.95 210.05 215.05 216.05 217.05 218.05 219.05 220.05 221.05 227.95 229 230.1 231 232 233.1 234 240 242.2 243.2 244 245 246.1 247.1 259.1 262.1 263.1 265.1 269.1 274 275.15 276.25 277.05 278.15 279.05 289.95 291.15 292.05 293.05 300.15 302.05 305.05 306.05 307.15 308.05 309.05 319.05 320.05 321.05 322.1 323.2 331.1 343.2 344 345.1 364.1 365.1 374.15 376.25 466.25,73936 32432 752448 59576 45904 699 3279 2391 834 2350 4576 3131 3001 33904 2318 1716 891 1448 3573 7990 11976 6443 90600 9275 20376 1775 783 659 1398 1785 2472 8989 5042 3912 48256 4659 5454 657 897 2340 2307 26528 6325 14458 3112 33728 3869 2704 664 1823 7176 793 3322 137280 20800 13285 1379 745 624 16408 3963 65472 10905 3263 4577 915 1089 1167 714 1926 2972 1472 3667 751 2387 1768 1022 19248 5555 8727 1637 1295 923 1286 1044 2589 25184 85856 19072 9100 1490 1136 1333 6074 52488 9869 4181 532 3544 811 8868 2890 5024 2179 1553 1974 634 519 652 1124 592 1319 921 549 2861 626 549 871 1960 691 752 3862 1746 866 554 6873 2458 1636 1489 781 5319 2650 6377 1873 756 110120 32240 14270 3310 827 679 880 637 648 1143 826 621 585 912 ,,
30,NA,1H-Indole-3-acetic acid,NA,1H-Indole-3-acetic acid,NA,,-1,43.1 44.2 45.1 47.1 59.1 73.1 74.1 75.1 77.1 83.1 84.1 85.1 89.1 91.1 92.15 93.05 99.15 101.15 102.15 103.05 104.05 105.05 115.15 116.15 117.05 119.05 127.05 128.15 129.05 130.05 131.05 132.05 133.05 134.05 140.05 142.1 143 144.2 145.1 146 147.2 149 150.1 152.1 154.1 156.1 157 158.1 159.1 160.1 161.1 170.1 171 172.1 173 174.1 182 184 186 186.9 188.1 188.7 198.15 200.15 202.15 203.15 204.15 205.15 216.05 230.05 260.1 276.1 277.1 278.1 304.05 305.15 306.15 319.15 320.15 321.15 322.15,20168 11543 59096 8351 7426 261952 24544 34112 7868 1048 1148 1194 1038 1004 716 976 525 2970 6091 2927 1638 1916 1892 643 1961 1487 623 3697 7720 6764 2775 1110 1523 894 624 568 1643 1971 8627 1255 9421 8459 859 1069 696 3528 1290 738 1136 3532 858 3631 889 4876 1023 692 680 1887 11084 4317 1964 575 724 10974 231232 43968 10068 1597 571 857 589 4415 1284 530 6392 1701 678 24760 7128 2828 547 ,,
31,NA,alpha-Hydroxyisobutyric acid-2TMS,NA,alpha-Hydroxyisobutyric acid-2TMS,NA,,-1,41.05 42.05 43.05 44.05 45.05 47.05 58.05 59.05 61.05 73.05 74.05 75.05 76.95 80.05 81.1 81.8 83 84 85 86.1 87 88 89 89.9 91 95.1 96.8 97 98.1 99 100.1 101 102 103 103.9 105 106 107 109.1 113 115 116 117 118 119 120 121 129.05 131.05 132.05 133.05 134.05 135.05 136.05 143.05 144.05 145.05 147.05 148.05 149.05 150.05 150.95 156.95 159.05 161.05 163.05 164.15 175 189 190.1 191.1 192 205 206.1 207 208.1 209 217.05 217.95 219.05 231.05 233.05 234.05 235.05,45384 18272 102368 33480 194432 48688 27312 40944 29688 449984 43960 115816 21680 465 1547 225 831 276 2984 862 4940 977 2105 278 498 16198 244 248 238 2771 779 15383 3034 5665 924 2600 271 276 376 1150 14279 6144 10127 1492 2484 256 214 1568 193792 23816 34688 4429 2611 237 7234 1283 1990 246528 38440 21768 2520 664 252 155 269 1436 244 393 1260 995 499 257 40960 7853 3527 361 198 766 178 161 273 7161 1453 502 ,,
32,NA,Myoinositol,NA,Myoinositol,NA,,-1,45.05 73.05 74.05 75.05 81.1 82.1 83 84 85.1 87.1 88 89.1 89.9 90.9 92 93 95.1 96.1 97 98 99.1 100 101.1 102.1 103.1 104.1 105 106.1 109.1 111 112 113 114.1 115 116 117 118 119 120 121 125.15 126.05 127.05 128.15 129.05 130.15 131.05 132.05 133.05 134.05 135.05 136.15 139.05 140.95 142.05 143.05 144.05 145.05 147.05 148.05 149.05 150.05 150.95 153.05 155.05 156.05 157.05 158.15 158.95 161.05 161.95 162.95 164.05 164.95 167.1 169 171.1 173 175 176 177 178.1 179 181.1 183 185.1 187.1 189 190.1 191.1 192.1 193.1 194 195 201 201.8 204.1 205.1 206.1 207 208 209 213.15 215.05 217.15 218.15 219.15 220.25 221.05 222.15 223.05 223.95 229.05 230.05 231.05 232.05 233.05 235.05 239.05 243.05 244.05 245.05 255 256.9 257.2 265.1 266.1 267.1 268.2 271.1 277.2 278.1 279.1 281 289 291.1 292.1 293.1 294.2 295 303.25 305.15 306.15 307.15 308.05 309.15 310.25 318.15 319.15 320.15 321.15 322.05 329.15 331.05 332.05 343.1 344.1 345.1 367.1 368.1 369.2 370.1 378.2 379.1 380 393.25 394.15 395.15 407.25 408.25 417.15 418.15 419.15 420.25 420.95 432.2 433.3 434.3 435.3 436.2 507.15 508.25 509.15,25656 328320 27592 19112 1738 197 1245 194 1108 941 419 651 194 234 213 164 181 312 346 245 938 242 2219 920 16592 1713 1342 229 319 870 181 1122 264 834 1128 2390 390 1442 216 157 235 195 919 377 19776 2287 8055 1262 18032 2519 1630 227 223 446 466 4167 516 1050 98784 15454 8885 831 562 263 517 358 1413 237 388 1818 327 668 150 199 165 255 231 517 1453 211 1324 253 199 219 202 294 228 3064 3285 48328 9052 4641 645 217 438 183 24632 5888 2316 2956 857 282 182 927 74552 13987 6607 963 5638 1079 717 217 344 1529 991 253 181 293 274 952 327 350 293 167 162 11806 2759 1567 330 234 431 378 322 209 239 6777 1913 2702 521 328 300 59840 18400 8845 1873 450 153 31560 12876 5435 1436 292 202 351 191 908 296 312 3611 974 625 167 151 362 157 1878 758 386 206 163 246 164 596 179 168 3746 2602 1481 500 185 792 371 196 ,,
33,NA,Palmitic acid,NA,Palmitic acid,NA,,-1,41.15 42.15 43.15 44.05 45.05 47.05 55.05 57.05 69.05 73.05 74.05 75.05 77.05 81.1 82 83.1 84.1 85.1 87.1 88.1 89 91 93 94.1 95.1 96 97.1 98.1 99.1 100.1 101.1 105 109 111.2 112.1 115 116 117 118 119 121.1 129.05 130.05 131.15 132.05 133.05 139.05 143.05 145.05 146.05 147.05 159.05 171.1 185.1 187.1 199.1 201 207 208 227.15 257.2 269.3 285.2 299.25 313.25 314.25 315.35 328.25,9744 2158 13154 5623 3169 1932 7007 3707 3315 21680 2352 18616 2944 1134 270 1343 602 534 259 259 541 178 541 156 825 457 915 823 363 179 201 272 203 396 201 205 1064 13447 1358 719 182 5950 787 1680 5488 1209 160 539 3829 496 353 463 363 438 310 170 478 590 194 161 156 256 221 215 6566 1475 441 343 ,,
34,NA,Spermine,NA,Spermine,NA,,-1,45 59 73 74 82 83 84 85 86 87 88.05 89.05 94.95 96.05 96.95 98.05 99.05 100.05 100.95 102.05 103.05 104.05 110.05 110.95 112.05 112.95 113.95 115.05 116.05 116.95 117.95 118.95 124.05 125.95 127.05 128.05 129.05 129.95 130.95 131.95 132.95 140.1 141.1 142.1 143.1 144.1 145.1 146 147 148 154 156.1 157.1 158 160 161 162 163 168.1 170 171.1 172 174 175 176 177 182.15 183.05 184.05 186.05 187.05 188.05 189.05 198.05 200.05 201.05 202.05 203.05 214.05 215.05 216.05 227.05 229 241.1 243.1 273.1 303.15 304.25 305.05 317.15 318.15 344.2 490.35 491.25 492.25,44224 81992 480256 41472 3206 1113 14633 6796 125448 13161 7409 1069 542 2682 1542 5950 12050 71168 17608 22216 4105 1059 1852 744 6210 3654 13584 21696 108344 19472 6012 973 721 7770 2681 23024 13337 35552 12093 6195 1046 7056 3094 34608 7118 119424 15370 14222 1767 923 13995 79080 24496 11499 57720 10723 5153 738 3291 35240 8353 52552 167744 30024 13839 1712 1202 6042 3205 15833 4583 4553 848 986 6070 11906 2822 1268 11182 2627 1654 727 704 562 859 586 3013 1030 531 2586 1027 1522 1501 775 607 ,,
35,NA,Stearic acid,NA,Stearic acid,NA,,-1,41.15 42.15 43.15 45.05 55.05 56.15 57.15 69.05 73.05 74.05 75.05 80.05 81.1 82.1 83.1 84.1 85.1 86.1 87.1 88.1 89.1 90.1 91.1 92.1 93.1 94.1 95.1 96.1 97.1 98.1 99.1 100.1 101 102 103 105 106.1 107.1 108.1 109.1 110 111.1 112.1 113.1 114.1 115 116.1 117 118 119 120.1 121.1 122 123.1 124.15 125.15 126.15 127.15 129.05 130.05 131.05 132.05 133.05 134.05 135.05 136.15 137.15 138.15 139.15 140.05 141.15 143.05 145.05 146.05 147.05 148.05 149.05 150.25 151.05 151.95 153.05 154.15 155.05 156.15 157.05 158.05 159.05 160.05 161.05 163.05 164.05 165.05 167.1 168.2 169.1 171.1 172.1 173.1 174.1 175.1 176.1 177.2 180.2 181.1 182.2 183 185.1 186.1 187.1 188.1 189.1 190.1 191.1 193 195.1 196 199.1 201.1 202.1 203.1 204 205.1 207 208.1 209.1 210.1 211.35 213.15 214.05 215.15 216.25 217.15 222.25 223.15 224.05 227.15 228.05 229.15 230.15 231.25 237.15 241.15 242.15 243.05 244.15 247.15 255.2 256.2 257.2 258.1 259.2 266.3 267.2 269.2 270.1 271.2 272.2 273.2 281.2 283.2 284.2 285.2 286.2 297.35 298.35 299.25 300.25 301.15 311.25 313.25 314.25 315.25 325.25 327.25 328.15 329.25 339.15 341.3 342.3 343.3 344.3 345.4 356.3 357.3 358.4 359.4,277248 67648 414080 67472 219264 45736 134144 71984 480704 52640 409280 1948 26040 5738 37280 14075 15101 4951 4674 3347 15516 2068 4814 830 8541 1436 27496 5254 32016 22064 11846 1909 7324 1485 2518 9771 959 4810 770 7589 2088 10903 5289 2229 733 4158 32328 380288 38824 16664 912 3346 663 1877 526 2484 919 1066 176000 23480 44920 158400 34216 8087 3637 343 633 291 1090 548 947 10893 105888 14113 4939 606 977 262 438 171 779 1365 1195 369 3527 674 9920 1669 444 617 174 292 853 686 498 9807 1632 2942 2367 593 160 317 254 799 210 203 14608 2350 10496 2910 656 153 318 152 389 216 4179 21040 3704 1244 158 182 855 225 331 615 169 3105 675 1616 295 223 283 604 267 3740 848 1014 381 153 227 3445 864 1918 503 163 2200 378 2987 776 224 161 363 1011 245 1582 475 197 196 957 254 957 211 7695 2210 1891 565 155 1000 7620 1905 605 211 1414 470 165 849 134464 38584 10080 1638 181 14989 4339 1129 202 ,,
36,NA,Tryptophan,NA,Tryptophan,NA,,-1,43 44 45 47 58 59 73 74 75 82.9 83.9 86 87 88.95 91.05 97.95 100.05 101.05 101.95 102.95 103.95 104.95 114.05 115.05 115.95 116.95 117.95 119.05 127.95 129.05 129.95 130.95 131.95 132.95 133.95 143 144 145 146 147.1 148 149.1 156 157 158 159 160 161 168.9 170 172 172.9 174 184.05 185.05 186.05 187.05 188.05 188.95 190.05 198.95 200.05 202.05 203.05 204.05 204.95 213.05 213.95 215.05 218.05 219.05 220.15 229.1 230.1 231 291.15 292.15 293.15 302.15 303.05 304.15 377.05 378.05 405.05,19624 13620 79160 6430 7466 11627 329280 31000 28520 506 888 2484 1455 583 935 594 13757 6078 3664 2899 759 1517 549 2757 1146 2346 632 1145 975 2349 9210 4731 5585 2834 1135 779 1447 3551 1893 11635 2170 948 1685 1061 1496 1728 2225 570 1022 2513 2794 818 1924 2293 1305 4728 1752 2611 947 2497 1993 6948 138176 28728 7862 1433 500 787 990 8574 1700 976 1016 4168 1162 14008 3721 2088 1397 2431 1016 799 501 762 ,,
