"","HMDB_ID","CompoundWithTMS","RT_min","RT","RI","Intensity","MatchFactor","RI.Similarity","TScore","Area","RT.start","RT.end","mz","mzInt","Concentration2"
"1","HMDB00190","L-Lactic acid","9.967","598.038","1091.772","2250411",794.372,"99.35","86.51",45634801,"9.885","10.044","41,42.1,43,44,45,46,47,48,49.1,50,51,52,53.1,53.9,55,56,57,58,59,60,61,62,62.8,63.9,66,69,70,71,72.1,73,74,75,76,77,78,79,80,81,83.1,84.1,85,86.1,87,88,91,91.9,93,94,94.9,95.9,97,99,100,101,102.1,102.9,103.9,105,105.9,106.8,107.9,110.1,112.9,113.8,115,117.1,118,119,120,121,126,127,128,129,130,131,132,133,134,135,135.9,143,143.9,144.3,145,147,148,149,150.1,151,152,159,160,160.9,162.9,174,175,176.1,176.9,179,183.9,190,191.1,192,193.1,194,194.9,203,204,205,206.9,208,209,216.9,219.1,220.1,221,222.1,223.2,233,233.9,249,281,282,283,295.1","1597,2124,20936,17424,56584,4096,12165,956,2553,10218,15245,35688,4687,438,10168,2234,4268,19488,25160,3701,7842,630,768,328,44152,4127,2555,3847,14373,399744,36000,56688,4970,6983,7572,47568,3241,537,297,373,1274,1279,6441,25568,475,291,1873,1783,1060,501,324,910,2034,10101,8828,5452,918,2502,570,563,230,344,827,257,5086,350400,38712,15712,1034,238,839,1872,315,5027,1820,19296,3282,31144,5206,2972,338,422,178,158,537,407936,63240,35824,3692,946,282,456,163,393,471,776,3888,655,347,182,235,84152,99000,23304,7946,880,193,4338,827,528,2533,577,216,599,40992,7151,3766,527,165,195,152,227,569,229,169,161","0.036"
"2","HMDB00115","Glycolic acid (2TMS)","10.394","623.613","1103.083","6897302",809.261,"99.52","89.64",223054540,"10.292","10.502","41,42.1,43,44,45,46,47,48,49,50,51.1,52,53,54,55,56,57,58,59,60,61,61.9,62.9,64,66,69,70.1,71,72.1,73.1,74.1,75,76,77,78,79,80,81,83.1,84,85,85.9,87,88,89,90,91,92,93,94,95,95.8,96.9,98.1,99,100,101,102,103,104,105,105.9,106.9,107.9,113,113.9,115,116,117,118,119,120,121,126,127,128.1,129,130,131,132.1,133,134,135,136,136.9,143,144,145,147.1,148,149,150,151,152,153.2,156.8,159,161.1,162,163,164.1,164.8,165.2,173.1,174.2,175.1,177,178,179,180,181.1,183.9,189,190,191,192.1,192.9,201,203.1,205.1,206,207,208,209,209.9,219.1,220.1,221,221.9,248.8,255,281.1,281.9,293.2,308.8,367.2","1693,8286,62056,44352,194432,13843,29144,1505,2856,9266,23784,53784,7465,1257,11120,3606,23936,57808,87096,10188,14216,968,1033,418,279936,4152,6991,9996,51392,1440768,130272,126848,7868,8762,7608,41768,2749,59608,597,648,1845,1277,10625,31528,17008,2885,1469,503,2254,392,17032,3104,453,182,1357,731,10326,10466,63920,7317,12246,1623,965,291,3916,766,17648,8196,46832,6380,15399,2091,1377,518,2057,344,1644,3403,67368,11524,173696,25104,14116,1298,302,546,240,2340,1890304,304256,185600,19840,6625,435,151,322,659,137024,22856,11943,1552,230,192,399,378,2601,340288,59808,30120,3388,717,160,488,13059,3635,1493,323,370,297,310464,58096,29656,3444,986,183,241,497,582,226,181,175,608,224,175,206,185","0.289"
"4","HMDB00161","Alanine","11.132","667.893","1129.773","517501",521.417,"98.63","78.23",19482298,"11.087","11.182","41.1,42,43,44,45,46,47,48.1,49,50,51,52,53.1,53.9,55,56,57,58,59,60,61,62,62.9,64,65,66,69,70,71,72,73,74,75,76,77,78,79,80,81,81.9,83.1,83.9,85.1,86,86.9,87.8,89,90,90.8,91.9,92.9,94.5,96,96.9,98,100,101.1,102,102.9,103.8,105,106,106.9,108,109.8,113.1,113.8,115,116,117,118,118.9,119.9,126,127,127.9,128.9,130.1,131,132,133,134,135,144,147,148,149,149.9,151,160,161.1,161.9,163.1,173.9,174.9,176,177,187.9,188.9,190,191,191.9,192.9,204.1,205.1,206,207,208.1,208.9,218,219.1,220,221.1,221.9,249.1,265.1,266.1,267,281,281.9","888,1036,3134,8294,9208,738,2087,337,2200,10389,14373,34200,4334,294,981,995,1901,11209,8188,919,659,183,623,399,718,13599,3488,776,550,2301,31112,3264,13152,2055,4409,7912,49352,3322,303,155,186,366,343,2001,1148,488,1126,181,214,387,2740,3124,449,323,182,1196,577,1071,1428,276,841,525,178,199,172,494,214,687,2233,2098,493,1668,340,844,2062,266,166,987,5977,1548,5564,1196,584,304,121272,19856,10017,1071,362,360,168,346,325,661,352,250,420,391,167,765,602,172,208,35680,7525,3483,2625,299,337,640,2540,1060,957,348,289,984,321,209,657,222","0.081"
"6","HMDB02329","Oxalate (2TMS)","12.226","733.549","1166.255","4918077",804.574,"98.22","91.85",63971873,"12.169","12.328","41,42,43,44,45,46,47,48,49,50,51,52,53,54,55,56,57,58,59,60,61,62,63,63.9,65.2,66,68.1,69.1,70,71,72,73.1,74.1,75,76,77,78,79,80,81.1,82.1,83,84.1,85,86,87,88,89,90,91,92.1,92.9,93.9,95,95.9,97,99,100,101,102,103,104,105,106,107,108,109.9,112.1,113,114,115,116,117,118,119,120,121,122,124.8,126,127,127.9,129.1,130,131,132.1,133,134,135,136,136.9,140,142,143.1,144,145.1,146.1,147,148,149,150,151,152,152.9,153.8,154.9,156.1,157,158,160,161,162.1,163,164.1,165,166.1,167,167.9,173.1,174,175,176,177,178,188.1,189.1,190,191,192,193,194,203.1,204,205.1,206.1,207,208,209,215.1,220.1,221.1,222.1,223,224,233,235.1,236.1,237.1,238.1,239,248,249.1,250.2,262.1,263.1,264,265.1,280.9,282.1,283.1,293.7,306.9,309,323,341.1","1692,4263,38352,30032,134272,9640,17528,1109,2289,9391,14440,35040,5037,1124,5726,6162,10539,34600,136640,12532,12542,911,1158,544,1449,13976,488,3837,29000,7664,103448,862784,89560,102464,7340,7271,7719,46272,2926,431,185,404,1595,4320,99544,13274,17880,83304,8091,4268,562,3296,502,1696,445,350,3521,104536,12099,17408,61656,8358,8111,1070,789,347,240,236,2314,2858,12723,8611,22976,8172,18416,2550,1288,292,166,695,2375,744,1294,14091,61144,21320,314496,47248,24928,2656,481,325,799,860,5830,2959,124824,910912,153344,73560,7859,1764,2839,371,171,169,170,213,3773,73352,11807,19616,14861,3805,1157,169,1072,224,670,30584,6970,3843,869,295,5233,2338,40232,8175,3726,635,175,688,769,37472,6554,5111,933,282,324,196864,36384,17248,2336,356,166,184128,37168,17144,2310,449,1600,502,219,2432,657,436,208,754,221,175,155,155,354,230,191","0.232"
"8","HMDB00162","Proline (TMS)","13.002","780.12","1190.204","644508",701.661,"96.91","84.26",38625649,"12.945","13.078","41,42.1,43.1,44,45,46,47,47.9,49,50,51.1,52,53,54,55,56,57,58,59,60.1,61,62,63.1,64.1,64.9,66,67.1,68,69,70.1,71.1,72,73,74,75,76,77,78,79,80,80.9,82.1,83,84,85.3,85.9,86.9,87.9,89,90.1,90.9,91.9,92.9,94,94.9,96.1,96.9,98.1,98.9,100,101,102.1,103,104,105,106,107,108,108.8,109.8,113,113.9,114.2,114.9,116,117,118,119,121,123.8,125.9,127,127.9,129,130,130.9,131.8,133,133.9,135.1,140.9,142.1,143.1,144.1,145.1,146,147,148,149,149.9,152,153,154.1,156,157.2,158.2,159.1,160,167.1,170,171,172.1,173,174,174.9,176.9,184,187,188.1,189.1,190.1,190.9,193,202.1,203.1,204,205,207,208,209,216,217,219,220,221,234.1,235,249,281,282.9,306.9,309,341","8061,3908,11801,9996,11662,1057,6213,607,2124,10598,14415,33616,4711,628,1556,1814,1831,11069,4618,1028,3084,328,800,462,825,1373,882,7378,6313,170112,8623,3923,41240,5392,36576,3774,5041,8143,50872,3161,392,238,353,1006,698,1522,563,288,947,182,449,303,4194,511,1555,621,393,762,695,2031,529,1618,12104,981,702,303,170,397,168,189,303,327,320,531,559,1616,300,319,176,157,1173,2239,407,330,1184,711,300,710,556,154,212,3256,840,16380,2273,4436,10198,1674,1285,211,2076,295,224,294,198,1630,388,355,696,892,424,9245,1378,982,356,196,209,1030,16375,2564,1285,523,164,7025,1132,300,159,1751,435,324,226,321,347,275,363,215,245,199,592,180,252,487,191","MP"
"14","HMDB02142","Phosphoric acid ","15.744","944.643","1292.596","1655471",780.326,"99.74","83.16",44663407,"15.693","15.782","41,42,43,44,45,46,47,48,49,50,51,52,53,53.9,55,56,57,58.1,59,59.9,61,61.9,63,64,65,66,67,68,69,70.1,71,72.1,73.1,74.1,75,76,77,78,79,80,81,81.8,83,84,85,86.1,87,87.9,88.9,89.9,91,92,93,93.9,94.9,96,96.8,97.1,97.9,98.9,100,101,102,103,104,105,105.9,107,108,108.9,109.9,112,113,114,115,115.9,117,117.9,119,119.9,121,121.9,122.9,124,125,126,127,129.1,130,131,132.1,133,134,135,136,137,137.8,139,142.1,143,144,145,146,147,148,149,150,151,152.1,152.9,154.1,155,155.8,156,157,158,158.9,161,163,163.8,164.9,165.9,166.9,167.9,169,169.9,171.1,172,173.1,174,175,175.9,177,178,178.9,180.1,180.9,181.9,182.9,183.9,186,187.1,188.1,189,190,191,192,193,193.9,195,195.9,196.9,197.9,202.9,205,206.1,207,208,209,211,212,213,213.9,219,220.1,221.1,222,223,225,226,227,227.9,229,237,239,240.9,253,253.9,254.9,255.9,267,268.1,269,269.9,271,278.8,281.1,283,284,285,286.1,287,294.1,297,299.1,300.1,301.1,302.1,303.1,304.1,307,308.9,314.1,315.1,316.1,317.1,317.9,373","1946,1472,4448,12589,28520,2193,3481,469,1879,9281,12639,29944,3796,553,1104,1230,1865,8529,8631,946,2427,342,1052,456,998,1491,669,532,2985,7435,1715,5144,155392,13748,24280,2262,6166,7744,44736,2748,384,150,486,1286,1222,378,1760,434,1312,429,788,436,5300,440,2180,629,367,352,306,587,812,521,472,4238,846,2168,609,1148,380,331,326,304,593,249,4757,1092,4045,705,4361,820,2610,342,1009,200,181,867,1675,301,611,7183,1745,28920,4804,9859,1405,3564,371,350,403,338,313,791,441,24976,3923,2649,521,4489,1851,1056,186,168,224,229,226,150,303,368,1256,334,2355,502,1795,324,315,180,1034,527,261,412,775,617,2340,891,3035,669,4482,744,1253,330,337,194,293,5734,1689,18248,3844,21864,3764,4569,847,938,157,394,5125,1538,30720,6373,4777,21632,3160,1780,248,303,152,3423,793,865,11643,2027,3981,706,321,248,510,231,1639,505,1371,332,1634,366,3916,880,547,204,467,28776,6437,3652,602,300,187,273,495616,122144,68096,11715,2971,382,449,592,96008,25408,13271,2244,695,283","0.044"
"16","HMDB00162","Proline (2TMS)","16.17","970.218","1309.83","1115777",791.112,"99.45","89.68",48333184,"16.119","16.259","41.1,42,43,44,45,46.1,47,47.9,49,50,51,52.1,53,53.9,55,56,57,58,59,60,61,62,62.9,64.1,65.1,66,66.9,68,69,70.1,71.1,72.1,73.1,74,75,76,77,78,79,79.9,80.8,81.8,83.2,84,85,86.1,86.9,87.9,89,90,91.1,93,93.9,94.9,95.9,97,98,99,100.2,100.7,102,103,104,105.4,106.3,106.9,107.8,108.8,110.1,111,112,113.1,114.7,116.1,117,118,119,121,121.9,122.7,124,125.1,126,127,128.1,129,130,131,132,133,134,135,136,138,139.1,140.1,142.1,143.1,144.1,145.1,147.1,148,149,150,151.1,152,153,153.9,155,156.1,157,158.1,159,160,161.1,161.9,162.9,164.1,166,166.9,168,170,171,172.1,173,174,175,175.9,177,178.9,180.1,181.9,183.9,186.1,187.1,188,189,190.1,191,193,197.8,199.9,203.8,205.1,207,208,209,210.9,214,216.1,217.1,218.1,219.1,220,221,227.9,230.2,231.1,232,240.1,242.1,244.1,245,246.1,247.9,252.9,257,257.9,259.1,260.1,281,282.1,283.1,299,300.1,300.9,314.1,315,324.9,341,341.9,343,429.2","4323,2158,7814,13812,21320,1452,3581,374,1730,7240,10946,23168,2969,560,2405,2000,3111,10162,10125,1118,1740,208,907,555,1039,8950,1705,3468,4575,17152,3560,12636,142464,12892,23520,2373,3728,6169,34856,3369,526,472,872,2146,1973,2915,1051,427,674,298,417,5224,891,1910,1005,787,1326,1812,4776,3039,1298,2548,401,919,534,1339,430,156,407,326,553,1746,3137,829,2511,359,725,210,319,167,719,240,1650,2165,1019,2099,1250,3634,1041,5439,1027,937,208,252,258,4357,425216,55112,17920,1243,34328,5624,3274,446,331,435,192,372,202,206,316,3084,795,569,212,161,194,217,189,168,320,2674,862,1622,554,922,2679,440,492,173,194,168,189,401,273,363,292,449,467,412,211,209,227,318,1843,505,169,182,274,25056,5491,4193,1373,406,389,159,643,275,190,417,494,3507,1040,445,197,188,270,242,909,341,495,166,287,2646,692,363,614,177,180,430,210,168,278","0.328"
"17","HMDB00123","Glycine (3TMS)","16.425","985.487","1321.263","509630",626.967,"98.57","75.96",110889372,"16.234","16.616","41,42.1,43,44,45,46,47,48,49,50,51,52,53,54,55.1,56,57.1,58,59,60.1,61.1,62.2,63,64,64.9,66,66.9,68.1,69,70.1,71,72.1,73,74,75,76,77,78,79,80.1,81,81.9,83.1,84,85,86,87.1,88,89,90.1,91,92,93,94,94.9,96,96.8,97.9,99,100.1,101,102,103,103.9,104.9,106.1,107,108,109.8,111.9,113.1,114,115,115.9,117,118,118.9,126,127,128,129.1,130,131,131.9,133,134,134.9,140.1,142.1,143,144,145.1,147,148,149,150,150.8,152.1,158,159.1,160,160.8,167,170,171,172,174.1,175.1,176.1,177.1,178,179.1,183.7,186.9,188,189.1,190,190.9,192.1,192.8,201.9,202.9,204,205,206.1,207,208,209,210.8,216.1,216.9,218.1,218.9,221.1,245,246,247.1,248.1,249.1,250.1,250.9,252.8,254.8,262.2,265.2,266.8,268.9,276.1,277.1,278,278.9,281,282,283,285,286.1,299,299.9,300.9,314.1,323,325,326.9,341,355.1,415.1,416.2","1703,1388,3066,10953,8996,680,1816,483,1347,6718,9903,22096,2736,233,757,959,1506,8385,6208,611,576,153,753,591,1039,1230,557,763,3266,7060,1264,4680,46024,4321,13959,1652,3887,5729,32024,2265,236,220,311,656,589,12784,1713,580,552,202,355,287,5283,505,2114,526,505,323,518,7460,1527,1621,1295,313,362,199,213,394,192,186,579,903,2901,1115,1864,358,572,526,1669,287,1305,2310,2488,814,6038,1069,539,200,10788,1604,1151,257,26512,4375,2449,337,247,263,1098,474,593,182,157,243,317,1431,87080,16383,6901,1561,375,193,180,179,865,379,579,470,171,410,222,169,477,340,160,1718,467,480,368,556,193,256,355,211,415,1384,489,17016,4486,2160,543,232,173,243,163,300,221,6436,1904,986,261,1237,354,288,1256,317,1236,259,198,293,590,150,370,547,275,475,199","0.099"
"21","HMDB00191","Aspartic acid (2TMS)","19.039","1142.37","1436.357","1116433",797.137,"98.31","87.06",59336392,"18.982","19.167","41.1,42.1,43,44,45,46,47,48,49,50,51.1,52,53,54,55,56,57,58,59,60,61,62,62.9,63.9,65,66,66.9,68,69,70,71,72.1,73,74,75,76.1,77,78,79,80.1,80.9,82.1,83,84,85,86,87.1,88,89,89.9,91,92.1,93,93.9,94.9,96,96.9,98,98.9,100.1,101,102,102.9,103.9,104.9,105.9,107.9,108.8,109.3,109.9,112,113,114,115,116.1,117,118,119,120,121,123.3,124.8,126,127,128,129,130,131,132,133,134,134.9,136,140.1,140.9,142,142.9,144,145,146.1,147,148,149,150,150.8,151.9,153.9,155.1,156,157.1,157.9,159.1,160.1,161.1,162,162.9,166.8,168.8,170,170.9,172,173,174,175,175.9,177,178,179.9,183.9,185.9,187,187.9,189.1,190,191.1,192.1,193,200,201.1,202,203,204,205,207,208,209,213.2,213.9,216,217.1,218,219.1,220.1,221.1,221.8,229.1,229.8,232.1,233.1,234.1,235.1,236,244,245,246.1,247,248.1,249.1,253,259.2,260.1,260.8,262.1,263.1,264.1,274,275.1,277,278.1,279,281.1,282.8,291.9,293.8,299,307,308,308.9,327,327.9,328.9,330.9,340.9,355.1,362,364.1,403.1,419,420","2151,4459,12079,14827,24576,2052,10235,781,1562,6237,8296,19808,2861,516,2520,1368,2097,8242,6083,2084,5835,609,854,458,859,1196,682,892,2596,11202,2111,8238,191744,22264,71064,6446,6000,5375,29136,1803,287,264,614,1285,974,2179,1361,822,1768,622,1403,450,4994,590,1932,521,636,1363,1530,10664,2335,4250,2958,489,530,180,343,187,235,344,396,661,620,1955,46512,46976,6785,2518,219,181,361,185,735,1291,3716,2836,58784,10451,4048,5160,1104,971,177,205,310,1141,966,9302,1493,6337,37480,6729,5043,680,389,436,243,243,232,379,727,6494,150528,18984,6776,559,167,162,656,593,2968,846,2073,720,561,522,207,156,238,174,1498,546,555,1198,888,287,218,158,246,7512,1493,926,502,1953,491,272,150,205,715,430,1351,360,6385,1534,565,194,154,4551,1038,12475,2839,1014,2609,22408,4699,2129,260,267,207,184,656,320,6829,1950,757,424,289,921,167,515,600,151,324,324,214,882,152,1567,835,292,171,215,176,190,314,154,150,347,176","MP"
"22","HMDB00744","Malic acid","20.573","1234.37","1507.662","13587860",806.697,"99.96","90.91",384796025,"20.509","20.7","41.1,42,43,44.1,45,46,47,48,49,50.1,51,52.1,53.1,55,56,57,58.1,59.1,60,61,62,62.9,63.9,65,66,67,68,69.1,70,71,73.1,74.1,75,76.1,77,78,79.1,80,80.9,82,83,84.1,85,86,87.1,88,89,90,91,92.1,93,93.9,95,96,97.1,98,99,101,102,103,104,105,106,106.9,108,108.9,109.9,111,112.1,113,114.1,115,116.1,117,118,119,120,121,122,125,126.2,127,128.1,129,130.1,131,132.1,133,134,135,136,136.9,137.8,139,139.9,141,142.1,143,144,145,147.1,148,149,150,151,152,153,154,155,156.1,157,158.1,159,160,161,162,163.1,164,165,166.1,166.8,167.8,168.9,171,172,173,174.1,175,176,177,178.1,179,180,180.8,183.1,184,185,186,187,189.1,190.1,191.1,192.1,193.1,194,195,197,199.1,200.1,201,203,204.1,205,206.1,207,208,209,209.9,210.8,213,215.1,217.1,218.1,219.1,220.1,221.1,222,223,224.1,225,227,228.2,229.1,230,231.1,233.1,234.1,235.1,236.1,237.1,238.1,239.2,245.1,246.1,247.1,248,249,249.9,251.1,253,254,255,259.1,260.1,261.1,263.1,264.1,265.1,266.1,267.1,268.1,269.1,269.9,274.1,275.1,276.9,278,278.9,280,280.9,289.1,291.1,292.1,293.1,294,295.1,296,298.9,303.9,305.2,306.2,307.1,308.1,309.1,310.1,311.1,312,319.1,320.1,321.1,322.1,323.1,326.2,326.9,328.1,333.1,335.1,336.1,337.1,338.1,339.1,340.2,349.2,350.2,351.2,352.1,353,355.2,405,407.1,409.1,423.2,424.1","4828,4374,40080,45792,206144,14289,33304,1663,1980,2751,4638,10067,8532,219392,10112,11072,22168,97336,10976,23424,1619,1729,386,889,4104,2731,5907,5780,10306,17560,2842624,251392,290752,18000,14568,3328,15315,1257,937,1524,3312,4178,10482,4480,7702,2413,6932,920,1122,576,6612,664,2656,1029,1656,1812,17056,194688,22800,23440,3326,8982,1077,1211,391,344,479,1266,2056,4400,1773,23032,31640,137792,16042,26256,2795,2024,413,633,955,3887,3580,35712,7104,114904,20192,365248,52456,36296,3438,1318,170,184,311,1232,3362,70048,10447,13264,2078208,325952,215040,24488,20696,2605,1507,1289,2617,1877,7008,1796,7827,1872,8156,3192,7661,1464,767,333,259,173,413,114432,15558,19224,17032,248960,43368,55944,8758,3865,487,268,530,1721,4741,1224,1604,392896,336512,265792,57728,20064,2517,689,154,448,2834,3317,35176,21120,17440,3785,16640,3261,1923,397,171,157,3747,151360,30296,21024,3660,74040,16269,9012,1652,590,1387,451,1985,636,6868,966656,198144,87560,11474,3472,666,255,521344,104632,64624,9603,3496,367,212,687,168,152,6192,15634,4231,106352,28528,150784,38048,18520,3412,719,176,589,284,456,342,1004,185,695,246,8780,2793,4685,1867,793,258,155,222,43024,84704,162624,47520,24328,4252,1297,321,69216,18080,9463,1799,591,492,267,158,1095,260352,73832,38344,7503,1633,154,367,10977,3706,1903,369,163,178,241,180,707,178","0.28"
"23","HMDB00267","Pyroglutamic acid","21.088","1265.29","1534.34","1913767",783.525,"99.96","86.32",63999460,"21.037","21.139","41.1,42,43,44,45,46,47,48,49,50,51,52,53,54,55.1,56,57,58,59,60,61,62.1,62.9,63.8,65,66,67,68,69.1,70,71.1,72.1,73,74,75,76.1,77,78,79,80,81,82,83,84,85,86.1,86.9,87.9,89,90,90.9,93.1,93.7,95,95.9,97,98,99,100,101,102,103,103.9,105,106,107.6,108.2,108.9,110.1,110.9,112,113.1,114,114.9,116,117,118,119,120.1,121.6,124.1,125,126,127,128.1,129,130.1,131,132,133,134,135,136,139,140,141,142,143,144.1,145,147,148,149,150,151,152.1,153.2,154.1,156.1,157.1,158,159,160,161,162,163.1,166,166.9,168,169,170,171.1,172,173,174,175,176,177.1,178,179.2,182.1,183,184,184.9,186,187,188.1,189,190,191.1,192,193,194.8,197.9,200,201,202.2,203.1,204.1,205.1,206.1,207,208,208.9,210.9,212,213,214,215,216,216.9,218,219,221,222.1,222.8,224,227,228.1,230.1,231.1,232.1,233.1,234,237.1,238.1,240,244,245,245.9,246.9,253.1,254.1,256.1,258.1,259.1,260.1,261.1,262.1,263.1,265,268,268.9,272.1,273,274.1,275.1,281,283.1,298.9,307,308.9,317,335,341","6414,2272,11275,18064,41720,3200,6699,414,1164,5169,7440,16408,2595,1533,6048,2278,3378,13775,14126,2471,3506,304,651,323,1399,6129,3827,1716,3321,4843,2602,11068,288192,26592,43600,3162,4343,4398,23056,2882,1045,1207,1710,7822,4267,5246,1678,742,1796,280,383,4789,3314,1620,796,884,2202,2777,5832,1957,1298,2750,295,1053,421,2106,784,388,962,925,4409,1819,2272,2360,1739,5330,998,1506,342,10388,471,279,1310,2448,1195,3088,1806,8013,2247,14924,2145,1331,336,800,9356,2701,2166,1313,642,393,103968,16192,8992,1162,814,813,591,4992,672384,90136,29216,2592,836,834,222,205,547,358,838,258,1201,523,1285,532,1687,790,423,320,155,192,183,429,303,252,934,303,616,1006,1527,2404,695,361,189,601,297,228,435,369,171,361,169,1617,386,387,174,245,371,4799,1432,786,613,565,173,412,472,153,163,308,3249,60944,12758,6602,1837,418,910,309,198,362,1147,342,322,256,156,283,73000,14822,7082,1117,305,254,150,174,222,248,2268,665,506,457,542,283,369,576,192,239,223","0.106"
"24","HMDB00191","Aspartic acid (3TMS)","21.19","1271.4","1539.535","7850520",806.358,"99.1","91.11",214815829,"21.139","21.253","41,42,43,44,45,46.1,47,48,49,50,51.1,52,53,54,55,56.1,57.1,58,59,60,61,62,62.9,64,64.8,66,66.9,68,69,70,71.1,72.1,73.1,74.1,75,76,77,78.1,79.1,80,80.8,81.1,82,83,84,85,86,87,88,89.1,90,91,93,94.1,95,96.1,97.1,98,100,101.1,102.1,103,104,105,106,107.1,107.8,108.6,109.1,110,111,112,113,114.1,115,116,117,118,119,120,121.2,122.3,124,124.9,126,127,128,129,130,131,132,133,134,135,135.9,137,139,140.1,141.1,142,143,144,145,146.1,147,148,149,150,151,152,153,154,155,156.1,157,158.1,159,160,161,162.1,163,164.1,165,166,167,167.9,169.2,170,171,172.1,173.1,174,175,176,177,178,178.9,181,182,183,184,185.1,186,188.1,189.1,190.1,191,192.1,193,194.1,194.9,198.1,199,200.1,202,203,204.1,205.1,206,207,208,209,213,214,215,216.1,217.1,218.1,219.1,220.1,221.1,222.1,223,224,225.2,226.9,228.1,230.1,232.1,233.1,234.1,235.1,236.1,237.1,238,239,239.9,241.9,244.1,245,246.1,247.1,248,249,253.1,254,254.8,258.1,259.1,260.1,261.1,262.1,263.1,264,265,266,267.1,267.9,273,273.9,275.9,276.9,277.9,278.8,279.8,281,283,288.1,290.1,292.1,293.1,294.1,295.1,296.3,299,302,303.2,304,306.1,307.1,308.1,309,310.1,311.2,316.1,317.1,318.1,319,320.1,327,332.2,334.1,335.2,336.1,337.1,338.2,349.2,350.1,351.1,352.2","2912,5839,39648,30936,112136,8343,17968,1139,1389,3322,5260,11474,2504,2496,10417,3170,6365,15572,45576,8335,12908,1198,1045,380,777,3734,1609,2178,3210,38360,6823,37576,1254400,129288,167296,12163,10384,3834,18496,1873,424,428,1757,2407,8496,4511,9806,4494,3092,4022,602,2307,4983,760,2075,1129,1178,9873,364864,43536,18944,19584,2271,3397,497,479,589,219,166,1108,663,1679,3209,8392,22648,15224,96144,11470,15580,1555,1387,422,552,499,2702,1393,11314,9246,35136,37184,26560,79416,13951,8180,1022,304,277,3280,2166,33144,12601,11415,4527,11613,360960,59000,51440,6763,3128,513,329,1719,1724,91592,13648,10987,4701,15321,5431,2229,30688,6411,2725,740,491,571,257,2792,5801,22088,8157,31200,7162,5070,6916,1390,758,172,155,201,2160,705,1680,158400,38496,21808,9488,2259,2601,479,243,562,215,4040,162560,32808,40816,14047,5625,5467,1022,523,152,2943,3571,65328,15815,365888,72272,32208,14224,3208,1629,291,191,216,1338,14582,1986560,413312,183232,28376,6334,1025,214,489,193,387,16488,19128,8462,3099,914,289,334,212,162,9471,3532,1698,992,5554,1985,1199,620,216,245,155,512,235,258,506,163,486,169,436,235,201,1662,34280,9432,5450,1158,246,231,228,168,648,60656,19504,9281,3421,606,158,2918,861,1057,297,259,152,1589,37624,12147,5228,1057,285,21656,6912,3329,734","0.25"
"29","HMDB00148","Glutamic acid","23.105","1386.3","1638.105","3768693",807.193,"99.99","90",106412009,"23.048","23.2","41.1,42.1,43,44,45,46,47,48,49,50,51,52,53.1,54,55,56.1,57,58.1,59,60.1,61,62,63,63.8,65,66,67,67.9,69,70.1,71.1,72.1,73.1,74,75,76,77,78.1,79,80,81,82,83,84,85,86,87,88,89,90,91,92,93,94.1,95,96,97,98,99,100,101,102,103,103.9,105,106,107,107.7,109.1,110,111,112,113,114.1,115.1,116,117,118,119,120,120.9,121.4,124,124.9,126,128.1,129.1,130,131,132,133,134,135,135.9,136.8,138,139,140,141,142,143,144,144.9,147,148,149,150,151,152,153,154,155.1,156.1,157.1,158,159.1,160,161,162,163,164,164.9,165.8,167,168,169.1,170,171.1,172,173,174.1,175,176,177,178.1,179,179.9,181,182,183,183.9,185,186.1,187,188.1,189.1,190,191,192,193,193.9,197.9,199.2,200,201,202.1,203.1,204.1,205,206,207,208,209,210.1,212.1,214,215,216.1,217.1,218.1,219.1,220.1,221.1,222,223,224,224.8,226,227.2,228.1,230.1,231.1,232.1,233.1,233.9,235,240.1,241.2,242,244.1,246.1,247.1,248.1,249.1,250.1,251.1,252.9,254,256,258.1,259.1,260.1,261,262,267.1,268,268.9,270.8,272.1,273.1,274.1,275.1,276.1,277,278.3,278.8,281,282.1,288,291.2,292,293.8,302,304,305,306.1,307,308.9,318.1,320.1,321.1,322.1,323,328.1,330.1,331.2,332.1,333.1,334,346.2,348.2,349.2,350.2,351.1,352.1,363.2,364.2,365.2,366.2,367.1","12426,2952,9879,18600,52632,4447,12389,755,1273,2925,4986,11096,1945,1809,9467,33848,7392,8025,18952,3953,6818,604,872,343,778,3232,1408,1886,2118,4153,2065,14666,392256,40400,123896,9136,7857,3228,16108,1567,512,2701,3278,77736,8362,5427,2001,1850,2737,750,902,402,3256,773,2322,1195,1135,4180,4664,46992,9301,4634,6371,763,1580,428,303,373,249,994,782,5255,8952,12496,11305,5199,10030,1787,2365,555,1009,1123,445,407,2566,202112,40448,16235,15714,11282,34704,6130,3709,312,225,396,653,15761,2679,3486,3036,2844,2029,178944,30592,34488,4410,2227,525,294,2730,3511,155264,26352,24000,5141,3247,1689,991,2328,678,426,451,191,1302,527,1353,468,4251,2315,12511,2490,1494,1614,330,340,196,212,290,370,1271,364,3924,886,2919,3235,1817,1691,585,961,304,949,193,814,766,8079,5916,30512,7041,3069,2705,696,413,238,188,6319,1682,4743,2021,41896,11188,4410,10523,2324,2184,601,169,239,182,1172,98376,19784,12165,2214,541,217,594,186,322,3752,932160,204416,85528,13450,2402,252,370,178,228,25072,5383,2896,684,275,1104,334,297,153,1550,2694,11013,2557,2796,913,229,379,492,422,242,417,427,427,159,313,267,300,903,1210,173,12563,3556,1912,426,270,1204,652,1305,371,265,356,68168,21400,9946,1915,596,32192,10420,5040,1257,256","0.262"
"32","HMDB00508","Ribitol","25.319","1519.14","1759.805","20295706",808.668,"100","93.01",592590324,"25.249","25.433","40.1,41.1,42.1,43,44.1,45.1,46,47,48,48.8,50.1,51,52,53.1,54.1,55.1,56,57,58,59.1,60.1,61.1,62.1,63,63.9,65,66.1,67,68.1,69,70.1,71.1,73.1,74.1,75.1,76.1,77,78,79,80,81,82,83,84.1,85.1,86,87,88.1,89,90.1,91,92,93,93.9,95,95.8,97,98,99,101,103.1,104.1,105.1,106.1,107,109,111,112.1,113,114,115,116.1,117,118,119,120,121,121.9,122.8,124.1,125,126.1,127.1,129.1,130.1,131,132.1,133,134,135,136,137,139,140.2,141.1,142,143.1,144,145,147.1,148.1,149,150,151.1,152,153.1,154.1,155,156.1,157.1,158.1,159,160.1,161.1,162.1,163.1,164.1,165,165.9,166.9,168,169.1,170,171.1,172,173,174.1,175,176.1,177.1,178.1,179,180,182.8,184,185,186.2,187,189.1,190.1,191.1,192.1,193.1,194.1,195.1,197.1,198,199,201.1,203.1,204.1,205.1,206.1,207.1,208.1,209,210,210.8,211.1,212.1,213.1,213.9,215.1,217.1,218.1,219.1,220.1,221.1,222.1,223.1,224.1,225,227,229.1,230.1,231.1,232,233.1,234,235.1,236,237.1,238,239.1,240.2,241.1,242.1,243.1,244.1,245.1,246.1,247.1,248.1,249.1,249.9,251.1,253.1,257.1,259.1,260.1,261.1,262,263.1,264,265.1,266.1,267,268,274.9,277.2,278.2,279.1,280.1,281.1,282.1,283.1,288,289.2,291.1,292.1,293.1,294.1,295.1,303.1,305.2,306.2,307.2,308.2,309.2,310.2,311.2,312.2,313.3,315,317.2,319.2,320.2,321.2,322.2,323.2,324.2,325.2,326.8,331.2,332.2,333.2,334.2,335.2,336.2,337.1,350.2,351.2,352.2,353.2,354,365,366.1,379.2,380,380.3,381.2,393.2,395.2,396.2,397.2,398.2,398.9,399.4,405.1,407.3,408.3,409.3,410.2,411.2,412.3,422.3,423.3,424.3,425.3,426.3,427.2,497.4","657,13993,1488,9879,14096,70056,4714,7429,463,514,1088,2134,3586,4351,6405,12906,2601,3590,10667,46480,4721,6006,413,374,223,826,2336,2386,1180,10520,4041,4986,2152960,185920,139776,7591,4934,1513,5874,644,13442,1120,7478,1197,6372,1133,11524,10719,53288,5003,2839,196,1239,366,780,530,2991,990,6747,56640,972864,96024,40832,2225,463,326,4484,831,17248,2515,13179,40664,335296,35016,27456,2797,1350,220,224,233,1310,1505,7394,619712,74360,103640,17104,252416,35560,21288,2205,1024,764,488,4677,7161,35048,4478,19120,1430016,226688,143616,16512,7041,1915,4053,1458,19352,4206,98208,12684,14788,2911,25520,5186,30280,4604,2908,328,495,1141,4767,7960,13298,2378,5950,2212,46352,8283,26184,4322,2614,238,225,163,1763,541,4075,535232,112400,253888,44216,20592,2562,772,1010,235,793,9149,166912,536960,1425408,299904,150016,21912,6571,816,231,230,407,750,507,9936,2807296,772672,298496,53416,84120,18136,10371,1767,630,863,88040,23576,15925,3049,1509,376,874,245,2858,765,523,187,1334,9206,222784,51064,29616,4908,5384,1080,2118,428,335,223,300,984,569,1803,458,2376,610,6481,1749,991,175,460,213824,67472,41720,9430,3243,594,161,191,1499,66432,21664,13548,3142,1156,3615,34640,69272,798720,226752,113912,22256,5222,634,196,237,111144,1255424,375744,180608,36576,9240,1191,173,227,8044,198016,67296,31416,8011,1839,300,201,2040,634,441,159,311,222,330,212,205,178,587,31064,10634,5991,1379,376,410,427,12301,4618,8162,2433,936,335,85672,33448,17872,4876,1369,229,325","ISTD"
"35","HMDB00094","Citric acid","26.839","1610.37","1848.45","11908004",806.12,"99.68","91.25",360796184,"26.776","26.973","41,42.1,43.1,44,45,46.1,47,48,49,50.1,51,52.1,53,54.1,55.1,56,57,58.1,59,60,61,62,62.9,63.9,65,66,67,68.1,69,70.1,71.1,72.1,73.1,74.1,75,76,77,78,79.1,80,81.1,82.1,83,84,85,86,87,88,89,90,91,92.1,93,94,95,96,97.1,98.1,99,100.1,101,102,103.1,103.9,105,106,107.1,108,109,111,112,113,114.1,115,116.1,117,118,119,120,121,122,123,124.1,125,125.9,127,129.1,130.1,131,132,133,134,135,136,136.9,139,140,141,142.1,143,144,145,147.1,148.1,149,150,151,152,153,154,155,156.1,157,158,159,160,161.1,162,163,164.1,165,165.9,167,169,170,171,172,173,174.1,175.1,176.1,177,178,178.9,180,180.9,183,184,185,186,187,189,190.1,191.1,192,193,194,195,195.9,196.9,198,199,200,201,202,203,204.1,205,206.1,207,208,209,211,212,213,214,215.1,216.1,217.1,218.1,219,221.1,222.1,223.1,224.1,225,225.9,227,228.1,229.1,230.1,231.1,232.1,233.1,234,235.1,235.9,237,237.9,239.1,241,242.2,243,244.1,245,246.1,247,248,249.1,250,251,252.8,255,257,258,259.1,260.1,261,262.1,263,263.8,265,265.8,267.1,269.1,270.2,271.1,273.1,274.1,275.1,276.1,277.1,278,279,280,280.9,282.1,283.2,285.1,286.1,287,288.1,289.1,289.9,291.1,292,293,294,295,295.9,299.2,301.1,302.1,303.1,304.1,305.1,306.2,307.1,308.2,309,310,310.9,315,317.1,318.1,319.2,320.2,321.2,322.1,323.2,327,329.1,331.1,332.2,333.1,334.1,335.1,336.1,337,338,340.9,345.2,347.1,348.1,349.1,350.1,351.1,352,353.1,359.1,360.1,361.1,363.2,364.2,365.2,366.2,367.2,368.2,368.9,373.2,375.1,376.2,377.1,378.1,379.1,380.1,381.2,389.1,390.1,391.1,393.2,394.2,395.2,396.2,403.2,404.1,405.2,419.1,421.2,422.2,423.2,424.1,425.1,429.1,435.2,436.3,437.2,438.2,439.2,440.2,441.2,447.1,448,449.2,450,463.3,465.2,466.2,467.2,468.2,469.2,470.1,471.3,553.4","2120,3058,25240,26384,105800,7225,14587,827,1063,1578,2766,5323,3384,1186,10742,2201,4657,10363,19424,3150,8582,572,1319,371,2240,3815,78592,7614,21736,5722,5385,53488,1425920,126912,193216,13072,10997,2151,9570,895,2430,2263,3475,2512,4162,2857,4207,3043,4518,880,1305,484,6179,900,10340,1882,9769,2683,21968,3414,7977,2956,11639,2404,4114,538,430,807,831,16376,2175,6058,3802,40640,21416,35904,4897,9646,1486,1290,262,518,390,1100,1306,3913,100040,13568,68792,13219,138048,18864,14774,1550,884,11706,1636,20608,4883,46496,6496,8298,1161216,185408,185920,24072,12272,1640,978,709,4339,4398,21400,3744,7597,1436,10012,3427,19944,3481,2388,348,623,14241,3513,19904,3596,11207,7276,7414,1690,5279,942,685,282,496,140992,22184,44976,6427,4306,23272,24464,21168,4877,4999,1093,754,250,1065,401,2292,1057,15485,3374,5680,19344,17648,5003,36752,7392,4660,238912,35792,41288,6898,41440,10752,84392,16082,11923,130696,30248,17520,3222,1007,266,850,2200,46064,12256,92152,18536,11656,1915,1937,309,655,183,274,3931,944,6283,11303,11082,3663,2105,445,480,230,343,171,848,152192,34160,34144,5921,4595,824,1182,323,754,195,197,296,374,3351,1901056,432704,192640,29592,6619,1437,1595,398,608,278,230,53184,11799,14465,3152,2697,484,5670,2704,2104,1559,761,245,985,38392,9475,45696,13364,149952,41664,25240,5369,5426,507,183,296,1245,1528,41856,13005,6825,1737,620,152,513,14577,4099,33496,10921,6503,1906,683,177,175,4525,478848,141824,84040,17776,5561,736,151,612,193,1500,472128,146304,71304,15902,3987,520,181,5512,418112,128520,69832,15283,5059,992,408,2124,644,274,2646,1101,849,238,910,341,214,202,10542,4213,2502,587,287,196,254,343,6279,2405,1225,428,182,630,282,263,151,297,222912,85632,49216,13415,4013,975,189,200","0.263"
"37","HMDB00660","D-Fructose","27.896","1673.73","1911.576","241368",685.931,"99.63","62.62",39393671,"27.8","28.087","41,42,43.1,44,45,45.9,47,47.9,48.9,50,51,52,53,54,55,56,57,58,59.1,60.1,61,62.9,63.9,64.8,65.8,66.9,68,69,70,71.1,72.1,73.1,74,75,75.9,76.9,78,79,80,81.1,82,83.1,84,85.1,86,87.1,88,89.1,90,90.9,91.9,93,94,94.9,96.3,96.8,99.1,100,101,102,103,104,104.9,107.9,109,110,110.9,113,113.9,115,116,117,118.1,118.9,121,125.9,127,128,129,130,131,133,133.9,135,140.1,140.9,142,142.9,144.9,147,148,149.1,155.1,156,156.9,158,158.9,160.9,163.1,163.9,170.1,170.8,172.1,173,174.2,174.9,176.8,186.1,188.1,189,190.1,191,191.9,193,196.9,201.1,202,203.2,204.1,205,206.2,207,208,208.8,213.8,214.2,216,217.1,218,219,220,221.1,222.1,222.8,229,229.8,230.2,231,232,235.1,241.9,244.1,245,246,247,252.9,254.1,256.1,257,260.1,262,263.1,265,269,276,277.1,278.2,279.3,280.9,282,288.1,291.1,292.1,293,295.1,302.1,303,304.9,306,307.2,308.1,309.1,310.2,317.9,319,320,330,332,333.1,334,335.1,336.1,344,364.2,365.1,366.3","1220,536,1153,11403,2667,365,1460,288,477,1605,2298,6013,902,342,528,378,548,2159,1804,245,376,564,399,297,397,459,254,746,497,193,879,26528,2553,10650,1049,2363,2050,8565,599,229,280,175,1171,303,165,281,301,2117,245,460,201,2438,345,914,257,164,209,486,591,416,16800,1730,902,152,162,156,157,295,794,426,402,2118,268,325,205,276,329,230,1321,457,977,2700,370,489,198,189,252,434,372,10145,1780,1326,167,344,466,186,197,182,501,181,159,168,991,1231,256,487,322,175,174,2076,426,1492,271,292,171,2067,1029,375,3340,2775,678,2282,402,285,230,181,387,19152,3861,1441,289,1154,268,165,288,174,251,584,178,192,185,350,240,254,186,163,157,404,207,150,310,636,233,173,234,2692,746,252,489,151,219,747,248,164,211,243,195,305,308,11778,3544,1932,377,171,419,180,251,287,232,344,802,287,210,1794,424,150","0.016"
"38","HMDB00169","D-Mannose (1Z)","28.22","1693.2","1931.826","15161645",791.417,"95.49","90.24",519788487,"28.15","28.43","40.1,41.1,42,43,44,45,46.1,47,48,49,50.1,51,52.1,53,54,55.1,56,57.1,58.1,59.1,60,61,61.9,62.9,64.1,65,66,67,68,69.1,70.1,71.1,73.1,74.1,75.1,76,77,78,79,80,81,82,83,84,85.1,86,87,88.1,89,90.1,91.1,92,93,94.1,95,95.9,97.1,98.1,99,100.1,101,102.1,103.1,104.1,105.1,106,107.1,108,108.9,110,111,112,113.1,114,115,116.1,117,118,119,120,120.9,122,124,125.1,126,127.1,128.1,129,130.1,131,132.1,133,134,135,136,137,138,139,140,141,142,143,144.1,145.1,147,148,149,150,151,152,153,154,155.1,157.1,158.1,159.1,160.1,161.1,162,163.1,164.1,165,165.9,167.2,168.1,169,170,171,172.1,173.1,174.1,175,176,177.1,178.1,179,180,181,182,183,184.1,185,186.1,187.1,189.1,190.1,191.1,192.1,193.1,194,194.9,196,197,198,199,200.1,201.1,202.1,203.1,204.1,205.1,206.1,207.1,208.1,209,210.1,211,212,213,214.1,215.1,216.1,217.1,218.1,219.1,220.1,221.1,222.1,223,224.1,225,226,227.1,228.1,229.1,230.1,231.1,232.1,233.1,234.1,235.1,236.1,237,237.9,239,240.1,241.1,242.1,243.1,244.1,245.1,246.1,247.1,248.1,249.1,250,250.9,252.1,253,254.1,255.1,256.1,257.1,258.1,259.1,260.1,261.1,262.1,263.1,264.1,265.1,266.1,267.1,268.1,269.1,270.1,271,272.1,274.1,275.1,276.1,277.1,278.2,279.1,280.1,281,282,284.1,285.1,286,287,288.2,289.1,290.1,291.1,292.1,293.1,294.1,295.1,296,300.2,301.2,302.1,303.1,304.2,305.2,306.2,307.2,308.2,309.2,310.2,311.1,312.1,314.1,315.1,316.1,317.1,319.2,320.2,321.2,322.2,323.2,324.2,325.1,327.1,328.2,329.2,330.2,331.2,332.2,333.2,334.2,335.2,336.1,337.1,338.1,339.1,342.2,343.2,344.2,345.2,346.2,347.1,348.1,349.1,350.2,351.2,352.2,353.1,356.1,357.1,358.2,359.2,360.2,361.3,362.1,364.2,365.2,366.2,367.2,368.2,374.2,375.2,376.2,377.2,378.1,379.2,380.2,381.2,382.1,383.2,388.2,389.2,390.2,391.3,392.3,393.1,394.2,395.2,402.2,403.1,404.1,405.2,406.2,407.2,408.3,409.3,410.3,411.2,412.1,412.3,417.1,418.2,419.1,420.3,421.3,422.1,423.2,432.2,433.3,434.2,435.2,436.2,437.2,438.1,448.3,449.2,450.2,451.3,452.2,464.3,465.3,466.3,467.3,468.3,469.3,470.1,478.3,479.4,480.3,481.3,482.4,483.1,507.1,522.3,523.4,524.3,525.1,526.4,538.3,539.5,540.2,554.3,555.3,556.4,557.4,558.4","1451,10434,2919,10027,13946,60176,3948,8031,495,620,1467,1864,3945,3411,5200,13131,2060,3377,8332,48656,4620,6106,343,402,265,906,2812,5775,3172,6456,5669,3902,1862656,162624,140864,8207,6014,1847,6485,1776,2542,9208,15460,4880,5389,7221,7603,7847,94712,9072,5179,579,1726,644,1027,1253,4128,2821,7013,29736,31464,20680,352512,34616,59320,5552,2641,499,637,2080,3324,3184,8729,22704,15182,15192,218688,21256,20008,1858,1152,285,614,1383,4424,9723,12592,221952,45888,59584,11269,178560,23680,14682,1517,545,1397,1469,3024,5249,13412,37488,6342,18760,965184,152320,95856,10353,4885,2526,1229,3571,4152,216576,42280,22152,514304,99056,26920,38416,6089,3190,1094,707,4480,10271,4964,2879,18744,21464,9080,21576,4342,18872,3222,1909,1794,1306,2484,717,1491,2435,17040,6271,153280,41296,92624,16672,8191,1704,713,3028,980,3388,978,5755,57672,15360,23096,216768,1480192,293120,142080,19112,5145,14600,2502,1925,841,6556,14607,50304,876672,181568,81360,13580,39624,8952,5003,1038,403,977,1432,10697,185600,54936,73688,22368,36384,39248,9734,3501,1755,585,485,5901,2959,5959,14606,21872,11353,21216,22992,6740,2823,978,378,273,776,2596,1353,9623,3442,1995,12338,8004,4686,45576,10451,4620,7803,2387,1215,10382,17696,7480,2997,2321,39152,12110,8486,65296,23680,12109,2839,1128,391,1701,523,3075,857,2066,1947,4140,76736,23312,14472,3502,1071,226,29392,7577,12111,4592,9232,86600,34344,104304,29344,13736,2599,681,189,1622,2485,4136,4911,2044416,612416,300928,62768,14751,1835,362,409,2595,947,5555,7533,7466,9907,4664,2051,5956,1798,905,152,3922,15037,17456,9032,4142,2002,2037,698,3185,1329,640,267,225,435,8026,3315,2437,825,621,22672,15462,6098,2302,705,18192,5475,15449,4614,2399,1717,498,1154,442,259,245,976,4903,1931,1413,2258,932,653,863,383,433,1355,849,1075,1123,8971,3776,1541,395,374,305,627,346,1390,1384,607,288,4414,3848,2822,1262,591,247,168,6854,2858,1802,509,237,9881,4285,13360,5769,2766,464,274,533,715,3164,1095,670,202,182,1577,1679,861,280,191,976,320,299,3701,1831,904,334,189","0.188"
"43","HMDB00143","Galactose (1E)","28.551","1713.05","1952.232","5541509",804.944,"99.97","91.88",176351732,"28.487","28.684","41.1,42,43,44,45,46.1,47,48,48.9,50,51,52.1,53,54,55,56,57,58,59,60,61.1,61.9,63,63.9,65,66.1,67,68,69,70,71,73.1,74,75,76,77,78,79,80,81,82,83,84,85,86,87,88,89,90.1,91,92.1,92.9,94.1,95,96,97,98,99,100.1,101,102,103,104.1,105.1,106,107,108,108.7,110,111,111.9,113,114,115,116.1,117,118,119,120,120.9,123.9,125,126,127,128.1,129,130,131,132,133,134,135,136,137,138.1,139.2,140,141,142.1,143,144.1,145,147,148,149,150.1,151,152.1,152.9,154,155,156.1,157,158,159,160.1,161.1,162.1,163,164.1,165.1,166.1,167,168,169,170.1,171,172.1,173.1,174.1,175,176,177,178.1,179,180,182.1,183,184,184.9,186,187,188.1,189,190,191,192.1,193,194,194.9,196.1,197,198,199.1,200,201.1,202.1,203.1,204.1,205.1,206.1,207.1,208.1,209.1,210.1,211,211.9,214.1,215.1,216.1,217.1,218.1,219.1,220.1,221.1,222,223,224,225,226,227.1,228.1,229.1,230.1,231.1,232.1,233.1,234.1,235.1,236.1,237.1,238,239,240,241.1,242.1,243.1,244.1,245.1,246.1,247.1,248.1,249,250,251,251.8,253,254,255.1,255.9,257.1,258,259.1,260.1,261,262.1,263.1,264,265.1,266,267.1,268.1,269.1,270.1,271.2,271.8,272.3,273.1,274.1,275.1,276.1,277.1,278.1,279.1,280.1,281.1,281.9,284.1,285,286.1,287,288,289,291.1,292.1,293.1,294.2,295.1,300.1,301.1,302.1,303.1,304.1,305.1,306.1,307.2,308.2,309.2,310.2,311.1,314.1,315.1,316.1,317.2,319.2,320.2,321.2,322.1,323.1,324,325.1,328.2,329.2,330.1,331.2,332.1,333.1,334.2,335.2,336.2,337.2,338.2,339.1,341,342.2,343.2,344.2,345.2,346.1,347.1,348.2,349.1,350.1,351.2,352.2,357,358.2,359.1,360.1,361.1,362.1,363.2,364.2,365.2,366.2,367.2,368.2,374.2,375.2,376.1,377.2,378.1,379.1,380.1,381.2,382.1,383.1,389.1,390.2,391.3,392.1,393.2,394.1,395.2,402.2,403.2,404.1,405.1,406.2,407.1,408,408.4,409.2,410.2,411.1,412.2,421.2,432.1,433.2,434.2,435.1,436.1,437.2,448.3,449.1,450.2,464.3,465.2,466.3,467.3,468.2,479.3,480.2,481.3,482.3,483.3,522.4,523.3,524.1,538.1","5766,1471,5263,12932,35536,2016,4868,346,728,1770,2364,5572,2290,2083,6714,1209,2019,5282,21032,2136,2467,250,447,303,691,1584,2071,767,3307,2058,1965,791424,66336,66624,4002,3791,2075,8511,929,1160,1896,6517,2907,2268,1454,3185,3455,47088,4024,2417,407,2074,480,1227,3807,3389,902,2485,15119,12658,7802,205120,20192,16720,1959,424,278,219,477,1755,651,3764,4099,4743,6247,79560,8522,8117,1123,663,234,577,1923,3496,2607,84728,16033,23624,4190,73504,9956,5661,715,197,357,289,735,1666,3076,13787,2235,5425,368768,57712,35840,3851,1882,904,612,2288,1708,2182,82712,13911,11427,145536,34976,8885,14970,2202,1484,462,440,920,6319,1782,1793,9838,7327,2835,8130,1582,11334,2937,1374,1109,2410,550,376,998,6043,3127,3533,50288,15091,26352,4838,2504,674,217,2006,402,597,357,2053,36936,8906,10972,77280,515328,102312,50656,7262,1966,1850,488,322,12464,4870,5921,282496,59440,26760,5026,12291,2999,1750,404,203,342,628,1703,60056,19760,14209,4692,26424,10052,17472,3720,2135,265,184,1283,585,3717,6107,5839,5816,6926,9133,2575,1652,347,393,240,382,548,306,895,613,615,4618,2285,1274,4203,1467,578,2417,754,589,9874,3635,2602,580,292,490,5125,6831,2800,1475,23784,8241,4253,1048,638,287,1206,296,573,259,761,495,27256,8196,4498,1016,346,6071,1522,3427,1509,4042,23264,10365,35928,9556,5506,1119,339,387,1164,1244,1398,652480,193856,93312,18600,4914,676,177,1802,821,837,2774,2536,2812,1574,687,423,2396,785,361,211,3759,2171,7584,2450,1290,3244,1108,1428,520,383,173,195,2353,986,564,236,254,717,1149,4093,1436,610,177,2530,966,4798,1865,833,1020,443,567,231,156,274,757,284,232,646,433,243,1893,763,599,1146,577,492,229,238,2692,1006,393,178,297,1352,559,499,195,245,405,1425,661,380,1187,595,998,457,181,189,2651,1032,489,164,505,445,188,278","0.035"
